2;Создайте новую учетную запись и поделитесь именем пользователя и паролем
2;Проблема входа в Myspace
2;Создайте учетную запись для нового сотрудника и пришлите мне
2;Учетные данные для входа не работают.
2;Для нового участника требуется новая учетная запись.
2;Требуется разрешение доступа Wi-Fi к ноутбуку:
2;Необходим доступ к Wi-Fi.
2;Установите базу данных postgres на мою машину
2;Система показывает синий экран при запуске
2;Рабочий стол не работает
2;Мой интернет не работает
2;Интернет не работает
3;Клавиатура не работает
3;Сломалась клавиатура
3; Не работает мышка
3;Села батарейка на мышке
2;Система зависает с синим экраном при запуске
2;Не удается подключиться к Интернету
2;Проблема с сетью/Интернетом с Wi-Fi
2;Истечение срока действия пароля MySpace
2;Срок действия пароля истек.
2;Компьтер медленно запускается
2;Компьтер стал работать очень медленно
2;Не могу восстановить пароль
2;Требуется восстановить пароль доступа
2;Допускаются ли пробелы в адресах электронной почты?
2;Может ли вирус повредить компьютерное оборудование?
2;Как я могу очистить клавиатуру?
2;Требуется восстановить пароль
2;Как я могу восстановить файл из корзины?
2;Как я могу обновить свой компьютер с Microsoft Windows?
2;Как удалить файлы cookie Интернета?
2;Как я могу определить имя своего компьютера?
2;Как перейти в безопасный режим?
2;Как сопоставить сетевой диск?
2;Отсутствует сетевое подключение
2;Я не могу отправлять или получать электронную почту?
2;Я больше не могу подключиться к своему сетевому диску?
2;Я не могу удалить файл
2;Я не могу получать вложения электронной почты?
2;Если я отформатирую или сотру свой жесткий диск
2;Мой компьютер не включается?
2;Мой компьютер зависает или ведет себя странно?
3;Мой принтер печатает смазанные/искаженные страницы?
2;На мониторе ничего не отображается?
2;Что такое компьютерный вирус?
2;Для нового клиента требуется новая учетная запись.
2;Разрешены ли пробелы в адресах электронной почты?
2;Может ли вирус повредить компьютерное оборудование?
2;Не удается подключиться к Интернету
2;Создайте новую учетную запись и поделитесь именем пользователя и паролем
2;Проблема с подключением Myspace
2;Столкнувшись с проблемой сети / интернета с Wi-Fi xwq090
3;Как я могу почистить клавиатуру?
2;Как я могу определить имя своего компьютера?
2;Как я могу войти в безопасный режим?
2;Как я могу восстановить файл из корзины?
2;Как я могу обновить свой компьютер с Microsoft Windows?
2;Как удалить файлы cookie в Интернете?
2;Как сопоставить сетевой диск?
2;Я больше не могу подключиться к сетевому диску?
2;Я не могу удалить файл
2;Я не могу получать вложения?
2;Я не могу отправлять или получать электронную почту?
2;Установите базу данных postgres на моем компьютере
2;Учетные данные для входа не работают.
2;Мой интернет не работает
3;мой компьютер не включается?
3;Мой компьютер зависает или ведет себя странно?
3;Мой принтер печатает испачканные / искаженные страницы?
2;Срок действия пароля почты истукает завтра
2;Требуется авторизация доступа Wi-Fi к ноутбуку
2;на мониторе ничего не отображается?
2;Срок действия пароля истек.
2;Система показывает синий экран при запуске
2;Офис не работает:
2;Система зависает с синим экраном при запуске
2;Что такое компьютерный вирус?
2;Требуется доступ к Wi-Fi.
2;Разрешены ли пробелы в адресах электронной почты?
2;Может ли вирус повредить компьютерное оборудование?
2;Не удается подключиться к Интернету
2;Создайте новую учетную запись и поделитесь именем пользователя и паролем
2;FW: Проблема с входом в Myspace - Аня
2;Столкнувшись с проблемой сети / интернета с Wi-Fi xwq090
2;Как я могу почистить клавиатуру?
2;Как я могу восстановить файл из корзины?
2;Как я могу обновить свой компьютер с помощью Microsoft Windows?
2;Как мне удалить файлы cookie Интернета?
2;Как мне определить имя моего компьютера?
2;Как мне войти в безопасный режим?
2;Как мне сопоставить сетевой диск?
2;Я больше не могу подключиться к сетевому диску?
2;Я не могу удалить файл
2;Я не могу получить вложения электронной почты?
2;Я не могу отправлять или получать электронные письма?
2;Установите базу данных postgres на моей машине
2;Учетные данные для входа не работают.
2;Мой интернет не работает
2;Мой компьютер не включается?
2;Мой компьютер зависает или ведет себя странно:
2;Мой принтер печатает испачканные / искаженные страницы?
2;Срок действия пароля MySpace истек
2;Для нового участника необходима новая учетная запись.
2;На мониторе ничего не отображается?
2;Система зависает
2;Рабочий стол не работает
2;Срок действия пароля истек.
2;Система зависает с синим экраном при запуске
2;Что мне делать система виснет
3;Что мне делать не работает принтер
2;Что мне делать мышь виснет 
2;Что такое пишет заражен вирусом?
2;требуется доступ к Wi-Fi.
2;Вам нужно разрешение на доступ к ноутбуку через Wi-Fi
2;для нового участника требуется новая учетная запись.
2;Разрешены ли пробелы в адресах электронной почты?
2;Может ли вирус повредить компьютерное оборудование?
2;Создайте новую учетную запись и поделитесь именем пользователя и паролем
2;не могу авторизоваться Проблема входа в почту
2;Учитывая проблему с сетью / Интернетом с Wi-Fi
3;Как я могу поменять клавиатуру?
2;Как я могу восстановить файл из корзины?
2;Как я могу обновить свой компьютер с Microsoft Windows?
2;Как удалить интернет-файлы cookie?
2;Как мне найти имя моего компьютера?
2;Как мне найти IP моего компьютера?
2;Как мне найти mac имя моего компьютера?
2;Как мне войти в безопасный режим?
2;Как подключить сетевой диск?
2;Я больше не могу подключиться к своему сетевому диску.
2;Я не могу удалить файл
2;Я не могу получать вложения электронной почты.
2;Я не могу отправлять или получать электронные письма.
2;Установите базу данных Postgres на моем компьютере
2;Учетные данные для входа не работают.
3;Мой компьютер не включается?
3;Мой компьютер зависает или ведет себя странно?
3;компьютер не включается. Что мне теперь делать?
3;интернет не работает
3;Мой принтер печатает размазанные / искаженные страницы?
2;Истечение срока действия пароля MySpace
2;Подключение к Интернету невозможно
2;На мониторе ничего не отображается?
2;Срок действия пароля истек.
2;Требуется разрешение доступа Wi-Fi к ноутбуку:
2;Система показывает синий экран при запуске
2;Рабочий стол не работает
2;Система зависает при запуске с синим экраном
2;Что мне делать, забыл пароль
2;Что мне делать, не вспомню пароль
2;Что мне делать, если удалил нужный файл
2;Что такое требуется доступ к папке?
2;Требуется доступ к Wi-Fi.
2;Создайте новую учетную запись и поделитесь именем пользователя и паролем
2;Проблема входа в корпоративную почту
2;Учетные данные для входа не работают.
2;Для нового участника требуется новая учетная запись.
2;Требуется разрешение доступа Wi-Fi к ноутбуку:
2;Необходим доступ к Wi-Fi.
2;Установите базу данных postgres на мой компьютер
2;Система показывает синий экран при запуске
2;Рабочий стол не работает
2;Мой интернет не работает
2;Система зависает с синим экраном при запуске
2;Не удается подключиться к Интернету
2;Проблема с сетью/Интернетом с Wi-Fi
2;Истечение срока действия пароля MySpace
2;Срок действия пароля истек, как поступить.
2;Допускаются ли пробелы в адресах электронной почты?
2;Может ли вирус повредить компьютерное оборудование?
2;Как я могу очистить клавиатуру?
2;Как я могу восстановить файл из корзины?
2;Как я могу обновить свой компьютер с Microsoft Windows?
2;Как удалить файлы cookie Интернета?
2;Как я могу определить имя своего компьютера?
2;Как перейти в безопасный режим?
2;Как отключить сетевой диск?
2;Я не могу отправлять или получать электронную почту?
2;Я больше не могу подключиться к своему сетевому диску?
2;Я не могу удалить файл
2;Я не могу получать вложения электронной почты?
2;Если я отформатирую или сотру свой жесткий диск, как мне восстановить данные?
3;Мой компьютер не включается?
3;Мой компьютер зависает или ведет себя странно?
3;Мой принтер печатает смазанные/искаженные страницы?
2;На мониторе ничего не отображается?
2;Что мне делать, я потерял пароль
2;Что мне делать, не могу вспомнить пароль от зума
2;Что мне делать, если выбрасывает с конференции 
2;как подключиться к конференции, пишет недоступно?
2;Для нового клиента требуется новая учетная запись.
2;Разрешены ли пробелы в адресах электронной почты?
2;Может ли вирус повредить компьютерное оборудование?
2;Не удается подключиться к Интернету
2;Создайте новую учетную запись и поделитесь именем пользователя и паролем
2;Проблема с подключением принтера
2;У меня проблема с сетью, нет интернета с Wi-Fi точки
2;Как я могу почистить сетевой диск?
2;Как я могу определить имя моей сетевой папки?
2;Как я могу войти в безопасный режим?
2;Как я могу восстановить файл ,если я его вчера удалил?
2;Как я могу обновить свой компьютер с Microsoft Windows на 11 версию?
2;Как удалить файлы cookie в Интернете?
2;Как открыть сетевой диск?
2;Я больше не могу подключиться к сетевому диску?
2;Я не могу удалить файл
2;Я не могу получать вложения?
2;Я не могу отправлять или получать электронную почту?
2;Установите базу данных postgres на моем компьютере
2;Учетные данные для входа не работают.
2;Мой интернет не работает
3;мой компьютер не включается?
2;Мой компьютер зависает или ведет себя странно?
3;Мой принтер печатает страницы в неправильной кодировке?
2;Срок действия пароля корпоративной почты
2;Требуется авторизация доступа Wi-Fi к ноутбуку
3;на мониторе ничего не отображается?
2;Срок действия пароля истек.
2;Система показывает синий экран при запуске
2;Офис не работает, не открывает вордовский файл
3;Система зависает с синим экраном при запуске
2;Что делать, если забыл ссылку на общий диск
2;Требуется доступ к Wi-Fi.
2;Разрешены ли пробелы в адресах электронной почты?
2;Может ли вирус повредить компьютерное оборудование?
2;Не удается подключиться к Интернету
2;Создайте новую учетную запись и поделитесь именем пользователя и паролем
2;FW: Проблема с входом в mail
2;Столкнувшись с проблемой сети / интернета с Wi-Fi
2;Как я могу почистить клавиатуру?
2;Как я могу восстановить файл из корзины?
2;Как я могу обновить свой компьютер с помощью Microsoft Windows?
2;Как мне удалить файлы cookie Интернета?
2;Как мне определить имя моего компьютера?
2;Как мне войти в безопасный режим?
2;Как мне сопоставить сетевой диск?
2;Я больше не могу подключиться к сетевому диску?
2;Я не могу удалить файл
2;Я не могу получить вложения электронной почты?
2;Я не могу отправлять или получать электронные письма?
2;Установите базу данных postgres на моей машине
2;Учетные данные для входа не работают.
2;Мой интернет не работает
2;Мой компьютер не включается?
2;Мой компьютер зависает или ведет себя странно:
2;Мой принтер печатает испачканные / искаженные страницы?
2;Срок действия пароля почты истек
2;Для нового участника необходима новая учетная запись.
2;На мониторе ничего не отображается?
2;Система
2;Рабочий стол не работает
2;Срок действия пароля истек.
2;Система зависает с синим экраном при запуске
2;Что мне делать, потерял пароль от блак борда
2;Что мне делать, не могу вспомнить пароль
2;Что мне делать если не включается сеть
2;требуется доступ к Wi-Fi.
2;Вам нужно разрешение на доступ к ноутбуку через Wi-Fi
2;для нового участника требуется новая учетная запись.
2;Разрешены ли пробелы в адресах электронной почты?
2;Может ли вирус повредить компьютерное оборудование?
2;Создайте новую учетную запись и поделитесь именем пользователя и паролем
2;FW: Проблема входа в Myspace - Ania
2;Учитывая проблему с сетью / Интернетом с Wi-Fi
2;Как я могу почистить клавиатуру?
2;Как я могу восстановить файл из корзины?
2;Как удалить интернет-файлы cookie?
2;Как мне найти имя моего компьютера?
2;Как мне войти в безопасный режим?
2;Как сопоставить сетевой диск?
2;Я больше не могу подключиться к своему сетевому диску.
2;Я не могу удалить файл
2;Я не могу получать вложения электронной почты.
2;Я не могу отправлять или получать электронные письма.
2;Установите базу данных Postgres на моем компьютере
2;Учетные данные для входа не работают.
2;Мой компьютер не включается?
2;Мой компьютер зависает или ведет себя странно?
2;Мой компьютер не включается. Что мне теперь делать?
2;Мой интернет не работает
2;Мой принтер печатает размазанные / искаженные страницы?
2;Истечение срока действия пароля MySpace
2;Подключение к Интернету невозможно
2;На мониторе ничего не отображается?
2;Срок действия пароля истек.
2;Требуется разрешение доступа Wi-Fi к ноутбуку:
2;Система показывает синий экран при запуске
2;Рабочий стол не работает
2;Система зависает при запуске с синим экраном
2;Требуется доступ к Wi-Fi.
1;в вашей программе не хватает красной кнопки, я был бы рад если бы вы добавили её в новом обновлении.
1;Добавить кнопку библиотеки, чтобы в ней указывались ссылки на используемые в институте ЭБС.
1;Добавить функцию с обучающими инструкциями по использованию BlackBoard
1;прошу добавить функцию привязки программы к сторонним аккаунтам, для удобного входа, например через ВК, Инстаграм и т.д
1;Измените дизайн и компоновку элементов на страницах.
1;Добавьте кнопку на вывод всей информации из бд
1;Добавьте кнопку "Присутствие на занятии"
1;Добавьте кнопку "Отзывы" чтобы было круто
1;Добавьте сохраните нескольких профилей
1;Добавить кнопку для перемещения информации
1;Не грузит сайт, когда заходит много народу
1;Если я пересылаю сообщение в дисциплине(допустим программирование)то оно дает возможность выбора в какую дисциплину мне переслать сообщения, но это очевидно что я хочу перестать сообщение в туже дисциплину. Почему нельзя автоматически пересылать сообщение в ту же дисциплину и при желании человека поменять его. 
1;Для быстрой связи с тех. поддержкой на главном экране госсуслуг
1;В программе Black Board не хватает аудио-видео связи
1;Добавьте меню «Долги»
1;Прибольшом количестве, сайт не грузит
1;Добавьте гипперссылки в текст
1;Крайне не доволен работоспособностью сайта. Прошу Вас добавить тех. поддержку для обращения.
1;Добавьте функцию удаления старых записей до определённой даты
1;Добавьте кнопку возврата домой
1;При вызове формы запроса пароля отсутствует кнопка 
1;Добавьте возможность выбора учетных записей при вводе пароля
1;Хочу удалять негативные отзывы, надо добавить ....ну пожалуйста
1;Добавьте пожалуйста функцию удаления текущего состояния задачи
1;Хотелось бы чтобы была добавлена кнопка быстрого сохранения проделанной работы
1;Добавьте кнопку сообщений на главном экране
1;Нужна кнопка вернутся обратно.
1;Кнопка отмены отправки сообщения 
1;очень давно пользуюсь вашем приложением для чтения новостей, при просмотре новостной ленты не хватает сортировки по времени, чтобы снова не попадать на старые статьи.
1;Пользуюсь вашей программой давно . Но в  основном для создания своих значков для видео на ютуб . Могу ли я попросить добавить возможность переключать интерфейс?
1;Мне не хватает кнопки быстрого перемещения по предметам
1; не хватает кнопки для перехода на главную страницу, постоянно приходиться кликать назад, могли бы вы реализовать данную функцию?
1;Было бы неплохо добавить кнопку настройки программы.
1;Хочу возможность открыть программу полноэкранно, нажав F11.
1;Хотелось бы изменить интерфейс, добавить корпоративные цвета, как то скучно, надеюсь что то изменится
1;Добавьте кнопку для просмотра расписания на этой недели.
1;Добавьте бесполезное разделение экрана.
1;добавьте отдельную вкладку под аудио-сообщение
1;добавьте иврит в список доступных языков
1;Хотелось бы добавить онлайн менеджера, чтобы не тратить время на получение ответа
1;Добавок кнопку отображения чата. 
1;Здраствуйте, добавьте пожалуйста возможность связаться с администрацией ПО
1;Не хватает кнопки сменить пользователя. 
1;Добавьте кнопку для отмены действия 
1;Прошу добавить постраничную навигацию, для того чтобы было более удобно работать с информацией. 
1;Добавьте кнопку получения доступа 
1;Добавьте возможность авторизации с мобильных устройств без перехода на мобильную версию
1;Прош удобавить график успеваемости для анализа данных
1;не видно ответов отдельных учеников, надо добавить возможность просмотра 
2;Нужен доступ к сети Ethernet
3;Нужен кабель локальной сети
3;Нужен конектор для ноутбука.
3;Нужна мышь
3;Требуется замена мыши.
2;Создайте новую учетную запись и поделитесь именем пользователя и паролем
3;Включение USB не работает
2;Запрос на создание учетных данных для входа Иванова И.
2;Запрос на создание учетных данных для входа в систему Петрова П
2;Проблема с входом в почту
2;Учетные данные для входа в систему не работают
2;Не в состоянии двигаться дальше в меню после входа в систему
2;Для нового участника требуется новая учетная запись
2;Не удается получить доступ к outlook и почте
2;Удаление пользователя и Добавление нового пользователя в проект ABC
2;Исправление имени в почтовом идентификаторе
2;Запрос на настройку системы для совместного использования ее пользователями
2;Не удается подключиться к Интернету с помощью сети Wi-Fi
2;Требуется разрешение Wi-Fi доступ к ноутбуку
2;Требуется Разрешение На Доступ к Wi-Fi
2;Нужны сведения о FTP-сервере abc
2;Локальная сеть не работает в виртуальной машине
2;Нужен Wave rock VPN
2;Создание проекта Jira и разрешение пользователя
2;Публичный IP-адрес для проекта кофейни
2;Необходим доступ к Wi-Fi
2;сервер № 11 завис и нуждется в перезагрузке
2;Виртуальная машина Linux для проекта
2;Учетные данные для входа не работают
2;Установите Microsoft outlook
2;Мое приложение для контроля качества пространства не работает
2;Настройте outlook в моей системе
2;Почтовый ящик переполнен
2;Страница входа в систему не отображается
2;Предоставьте мне права администратора для установки базы данных mysql
2;Предоставьте мне права администратора для установки базы данных mysql
2;Установите базу данных postgres на моей машине
3;Система показывает синий экран при запуске
2;Не удалось установить outlook
2;Рабочий стол не работает
2;Система ведет себя странно
3;Мой интернет не работает
2;Измените статус заявки на Статус Изменен
2;Учетная запись заблокирована из-за 3 неправильных попыток ввода пароля ОС. Не могли бы вы сбросить пароль
3;Система зависает с синим экраном при запуске
3;Не удается подключиться к Wi-Fi
3;Не удается подключиться к Интернету
3;Проблема с сетью/интернетом с Wi-Fi
3;Замените батарею для моего ноутбука Macbook
2;Ошибка Импорта файла
2;Ошибка Импорта файла
2;Ошибка Импорта файла в excel
2;Ошибка Импорта файла
3;Компьютер не включается
2;Создание почтового идентификатора для нового участника
2;Добавьте Нового Сотрудника
2;Забыл пароль
2;Срок действия пароля на почту Истек
2;Страница Входа в Систему не работает
2;установка MS office
2;Страница входа не открывается
2;Срок действия пароля истек
2;Учетная запись заблокирована. Не удалось войти в систему
1;в вашей программе не хватает красной кнопки, я был бы рад если бы вы добавили её в новом обновлении.
1;Добавить кнопку библиотеки, чтобы в ней указывались ссылки на используемые в институте ЭБС.Добавить функцию с обучающими инструкциями по использованию BlackBoard
1;прошу добавить функцию привязки программы к сторонним аккаунтам, для удобного входа, например через ВК, Инстаграм и т.д
1;Измените дизайн и компоновку элементов на страницах.
1;Добавьте кнопку на вывод всей информации из бд
1;Присутствие на занятии
1;Добавьте кнопку чтобы было круто
1;Добавьте сохраните нескольких профилей
1;Добавить кнопку для перемещения информации
1;Не грузит сайт, когда заходит много народу
1;Если я пересылаю сообщение в дисциплине(допустим программирование)то оно дает возможность выбора в какую дисциплину мне переслать сообщения, но это очевидно что я хочу перестать сообщение в туже дисциплину. Почему нельзя автоматически пересылать сообщение в ту же дисциплину и при желании человека поменять его. 
1;Для быстрой связи с тех. поддержкой на главном экране госсуслуг
1;В программе Black Board не хватает аудио-видео связи
1;Добавьте меню «Долги»
1;Прибольшом количестве, сайт не грузит
1;Гипперссылки на основные функции добавьте
1;Крайне не доволен работоспособностью сайта. Прошу Вас добавить тех. поддержку для обращения.
1;Добавьте функцию удаления старых записей до определённой даты
1;Добавьте кнопку возврата домой
1;При вызове формы запроса пароля отсутствует кнопка 
1;Добавьте возможность выбора учетных записей при вводе пароля
1;Хочу удалять негативные отзывы, надо добавить ....ну пожалуйста
1;Добавьте пожалуйста функцию удаления текущего состояния задачи
1;Хотелось бы чтобы была добавлена кнопка быстрого сохранения проделанной работы
1;Добавьте кнопку сообщений на главном экране
1;Нужна кнопка вернутся обратно.
1;Кнопка отмены отправки сообщения 
1;очень давно пользуюсь вашем приложением для чтения новостей, при просмотре новостной ленты не хватает сортировки по времени, чтобы снова не попадать на старые статьи.
1;Пользуюсь вашей программой давно . Но в  основном для создания своих значков для видео на ютуб . Могу ли я попросить добавить возможность переключать интерфейс?
1;Мне не хватает кнопки быстрого перемещения по предметам
1;не хватает кнопки для перехода на главную страницу, постоянно приходиться кликать назад, могли бы вы реализовать данную функцию?
1;Было бы неплохо добавить кнопку настройки программы.
1;Хочу возможность открыть программу полноэкранно, нажав F11.
1;Хотелось бы изменить интерфейс, добавить тона, как то скучно, надеюсь что то изменится
1;Добавьте кнопку для просмотра расписания на этой недели.
1;Добавьте бесполезное разделение экрана.
1;добавьте отдельную вкладку под аудио-сообщение
1;добавьте иврит в список доступных языков
1;Хотелось бы добавить онлайн менеджера, чтобы не тратить время на получение ответа
1;Добавок кнопку отображения чата. 
1;добавьте пожалуйста возможность связаться с администрацией ПО
1;Не хватает кнопки сменить пользователя. 
1;Добавьте кнопку для отмены действия 
1;Прошу добавить постраничную навигацию, для того чтобы было более удобно работать с информацией. 
1;Добавьте кнопку получения доступа 
1;Добавьте возможность авторизации с мобильных устройств без перехода на мобильную версию
1;Прош удобавить график успеваемости для анализа данных
1;не видно ответов отдельных учеников, надо добавить возможность просмотра 
1;Добавьте горячую клавишу для открытия 2-го пространства  
1;Добавьте автоматизацию работы 
1;прошу вас добавить кнопку для быстрого выхода в главное меню.
1;я бы хотел что бы добавили дополнительные вкладку с личным кабинетом
1;прошу добавить функцию изменения формата файла в самой программе.
1;Кнопку тегов
1;Поиск по сайту нужен
1;Поиск по сайту включите
1;Добавьте функцию уведомления о новых сообщениях
1;Редактирование сообщение 
1;Можно удалить из приложение рекламу, мешает при работе 
1;Не хватает кнопки в сообщения, чтобы написать письмо преподавателю, без поиска его в списке 
1;Добавьте, пожалуйста, кнопку на удаление сообщений из спама
1;Добавьте пожалуйста функцию faceid
1;Добавьте функционал для хранения лабораторных работ и презентаций
1;При загрузке сайта, выходит ошибка 500, можно решить эту проблему в ближайшее время 
1;Автосохранение сообщений 
1;Хотел бы увидеть возможность фильтрации всех входящих сообщений
1;Расширенные возможности меню 
1;Добавьте возможность отображения уведомлений на главной странице
1;Автосохранение фотографий/видео и текста под фотографией/видео. Автосохранение ежесуточное с возможностью получения rar архива. К примеру делаешь запрос,  и на почту приходит ссылка с возможностью скачать содержимое. 
1;Добавьте, пожалуйста, чтобы после прохождения теста, можно было видеть правильный ответ
1;Добавьте, пожалуйста, электронное расписание
1;добавьте, пожалуйста, функцию быстрого поиска по сообщениям
1;не могли бы вы со следующего обновления добавить в ленту новостей сортировку по популярности.
1;Добавьте уже кнопку для блокировки людей, которые спамят 
1;можно ли добавить функцию скорости для голосовых сообщений
1;Можно ли сделать, чтобы при добавлении истории в инстаграмм была возможность поверх истории добавить видео
1;Добавьте возможность отказываться от обновления, меня все устраивает в старой версии приложения, после обновления все крашится
1;Хочу чтобы в приложении было резервное копирование сообщений, фото, и видео, которое сохраняется в за конкретным аккаунтом
1;Можете пожалуйста добавить функцию что когда тебя блокирует человек приходит сообщение например 
1;Добавьте функцию отключения звука уведомлений
1;Здрасте, а добавьте функцию, которая дает возможность делится сообщением с людьми не только которые находятся в группе друзья
1;Дорогие разработчики приложения. Не пора ли внести в него что то новое и полезное. К примеру исправление ошибок в сообщении. Ведь бывает,что сообщение отправил,а только потом ошибку в слове обнаружил. А исправить её нет возможности.
1;добавьте пожалуйста возможность сохранения фото на компьютер, чтобы не приходилось делать скриншот, и не терять в качестве картинки
1;я бы хотел иметь возможность быстрого создания бэкапа моих данных
1;можете сделать кнопку, которая очищала весь спам, который есть в моих сообщениях
1;хотелось бы увидеть в приложении кнопку 
1;добавьте опцию на полное удаление сообщений из 
1;добавьте график посещаемости сайта
1;добавьте тёмную тему для всего сайта, это было бы удобно и красиво
1;Измените дизайн сайта, очень некрасиво подобраны цвета
1;Добавьте кнопку, которая бы открывала переписку в отдельном окне
1;добавьте функцию скачивания данных в виде документов формата .docx .pdf  и пр.
1;Добавьте функцию самостоятельного выбора способов авторизации
1;Добавьте возможность самостоятельного перемещения элементов на сайте, чтобы можно было настроить его под себя
1;Добавьте кнопку приобретения вип аккаунта на определённый срок
1;добавьте функцию автоматического изменения пароля каждые пол месяца, и чтобы новый пароль приходил на мою почту
1;добавьте возможность редактирования имени другого пользователя, чтобы я сам его назвал и сразу понимал, с кем я обзаюсь
1;Не хватает функции воспроизведения аудиосообщения, можно добавить ?
1;Добавьте функцию голосового поиска по записям 
1;удалите все дублирующиеся карточки справочников
1;Что натворили с почтой? Зачем мне все эти настройки? Верните кнопку-удалить отмеченные
1; добавьте топ работников, для более наглядной эффективности работы сотрудников
1;добавьте функцию расчета кредита прямо на главной странице банка.
1;не хватает хеллоуинского оформления сайта, было бы здорово
1;не хватает рождественского оформления сайта, было бы здорово
1;не хватает кнопки вернуться на «Главную» было бы очень удобно для всех
1;Добавьте колонку с новостями справа от главных постов, как-то скучненько
1;Уберите всплывающую рекламу на своем сайте, очень раздражает!
1;Было бы гораздо лучше, если бы был анимированный фон на сайте, сделайте пж
1;добавьте функцию автоматического создания бэкапа и отправку его на другой компьютер каждый понедельник
1;включите возможность восстановления автоматически удалённых сообщений
1;хотелось бы иметь возможность группирования каналов, которые я просматриваю
1;хочу видеть в самом низу страницы ссылку на лицензию на вашу продукцию
1;добавьте возможность самостоятельного распределения приходящих сообщений по папкам
1;Добавьте возможность управления жестами
1;добавьте отображения страницы только в виде HTML кода, для ускорения загрузки если слабый интернет
1;Добавьте кнопку проверки имеющихся обновлений
1;добавьте функцию смены языка интерфейса
1;добавьте функцию переадресации сообщений на другие почту
1;добавьте функцию сохранения данных для авторизации, чтобы я сразу заходил на свой профиль с этого компьютера
1;добавьте функцию проверки правописания
1;добавьте функцию автоматической смены раскладки клавиатуры при наборе текста
1;добавьте опцию отключения рекламы за деньги
1;Прошу вас добавить кнопку, уведомляющкю, сколько новых заданий пришло
1;Прошу добавить кнопку для предоставления всего материала по данному семестру
1;Добавьте кнопку для вычисления среднего значения зарплат
1;Добавьте окно с промежуточным результатом вычислений
1;Добавьте возможность вносить правки в формулу
1;Добавьте кнопку для предварительного просмотра файла
1;Добавьте возможность изменять подпись автора
1;Добавьте кнопку что бы отменить последнее действие
1;Добавьте выпадающий список доступных принтеров
1;Добавьте выпадающий список всех принтеров
1;Добавьте кнопку что бы отменить отмену последнего действия
1;Добавьте кнопку быстрого сохранения
1;Добавьте вкладку для просмотра последних действий на сайте
1;Просьба добавить панель управления шрифтами
1;Просьба добавить справочную информацию в отдельную вкладку программы
1;Нужно переместить панель управления шрифтом в правую сторону
1; хотелось бы чтобы добавили кнопку главной страницы сайта , для быстрого перехода
1;Просьба добавить на панель быстрого доступа кнопку быстрого поиска
1;Добавьте вкладку для быстрого переключения между сценами проекта
1;Добавьте в программу возможность мониторинга температуры процессора
1;Добавьте всплывающее меню с настройками персонализации рабочего стола
1;Добавьте возможность открытия перечня программ из папки
1;Добавьте всплывающее меню с сохраненными изображениями
1;Добавьте журнал с баллами в бб, чтобы оценивать работу .
1;Добавьте функционал автосохранения сообщений.
1; Добавьте функционал в блкборд расписание занятий.
1;Добавьте кнопку удаления ненужных папок.
1;Мне не хватает  ПО кнопки автосинхронизации пароля.
1;Необходима кнопка быстрого ответа на сообщения
1;Добавление возможности быстрого сообщения с одногруппниками
1;Добавление кнопки по расширению и упрощению интерфейса
1;Добавить возможность делиться со всеми
1;Необходима кнопка изменения цвета интерфейса
1;Хочу чтобы добавили функцию быстрого поиска
1;Добавьте кнопку скачивание пдф файлов.
1;Добавьте кнопку поиска информации по сайту.
1;добавьте кнопку возврата домой
1;Добавьте дополнительный раздел для пользователя
1;Добавьте функцию электродного журнала с баллами.
1;добавьте возможность пересылки данных
1;Добавьте кнопку вверх
1;Добавьте функцию отправки сообщений любому пользователю сайта.
1;Добавьте кнопку быстрого открытия тестов по предметам.
1;Добавьте фильтры
1;Добавьте выбор иконок 
1;Возможность сохранять в избранные определенных пользователей.
1;Небходима кнопка для изменения фото профиля
1;Добавьте возможность вести конференции на сайте.
1;Кнопка для увеличения масштаба картинок или фото
1;Функция редактирования сообщений или отправленных файлов.
1;Кнопка для обучения в использовании программы
1;Возможность переслать сообщения неопределенному количеству пользователей
1;Добавьте основные теги
1;Добавление скролл бара
1;Добавление кнопки входа без аутентификации
1;Возможность привязать к приложению облако, для сохранения информации
1;Добавьте кнопку сортировки сообщений по времени
1;Добавьте кнопку отправки аудиосообщений
1;Добавьте функцию добавлять пользователей в черный список
1;добавьте возможность отмечать пользователей
1;добавить возможность устанавливать пользовательский фон
1;Добавьте возможность отключить рекламу
1;добавьте резервное копирование данных
1;Добавьте текст в изображении 
1;добавьте отображения времени проведенного на сайте
1;добавьте отображение онлайн пользователей
1;Добавьте контактные данные
1;добавьте возможность сбросить прогресс
1;добавьте возможность редактирования тегов
1;добавьте иконку статуса пользователя
1;Добавить общий видео чат, на подобие дискорда, в условиях коронавируса и дистанционного обучения это будет самый лучший выбор
1;Кнопку быстрых сообщений, чтобы не нужно было лезть в раздел предмета для отправки работы.
1;Добавление виртуального сервера, а так же выдача доступа:логин и пароль для подключения
1;В разработанном По не хватает быстрых клавиш, для быстрого сохранение и тд
1;В приложении не хватает клавиши быстрого выделения для выборки всех объектов
1;В написанном по не хватает авто сохранения каждые 5-10 минут 
1;На сайте не хватает кнопки корзины, чтобы просмотреть что было заказано до этого, а так же просмотреть то ,что уже доставляется
1;не могли бы вы добавить на сайт более удобное оформление, на сайте не хватает быстрых кнопок для просмотра сообщение и тд
1;В программе flat assambler не хватает возможности запускать код построчно.
1;На сайте не хватает кнопки сообщения в отдельном месте, для более быстрого ответа на вопросы , а так же общения с преподавателем 
1;добавьте функцию энергосбережения, которая бы включалась, когда пользователя долго нет в онлайн
1;Добавьте упрощённую версию сайта, для снижения нагрузки на систему, которая бы например выключала анимацию и пр.
1;добавьте возможность затемнения всего фона, когда я воспроизвожу видео, чтобы белый фон не был таким ярким
1;добавьте опцию умной строки, которая бы предлагала варианты поиска, по уже введённой мною части текста
1;добавьте возможность воспроизведения видео в отельном окне
1;Хотел бы увидеть опцию автовоспроизведения следующего видео в очереди
1;Хотел бы увидеть кнопку для создания снимка экрана, но не всего, а только той части, которую я сам выделю
1;Добавьте кнопку сброса настроек до стандартные, но чтобы было с подтверждением
1;Добавьте возможность самостоятельного выбора объёма памяти для определённой программы, и чтобы она не выходила за эти рамки
1;Добавьте отдельный раздел с сообщениями
1;Добавьте кнопку для быстрого перехода между курсами
1;Добавьте раздел где будет собрано все главные новости сайта
1;Отдельный раздел с тестами
1;Добавьте раздел где будут все мои одногруппники,с  информацией о них
1;Добавьте отдельную кнопку для перехода между курсами
1;Кнопка выставление удаленных писем
1;Добавьте кнопку для быстрого перехода между аккаунтами
1;При работе через приложение чтобы приходили уведомления на телефон
1;Мне не хватает функционала сайта
1;Мне не хватает функционала настроек
1;Добавьте кнопку о отключение,от тех курсов которые уже прошли
1;Добавьте мне раздел с подробным описанием сайта
1;Добавьте кнопку для копирование информации с сайтв
1;На сайте кнопку скрыть личные данные
1;Не хватает кнопки скрыть данные
1;добавьте пожалуйста кнопку выбора тем( например: кроме светлой еще темную и т.д.)
1;добавьте пожалуйста строчку последней активности
1;Добавьте пожалуйста кнопку удаления аккаунта
1;Добавьте пожалуйста функцию видеоконференции для студентов
1;Добавьте  пожалуйста функцию прекращения сессии если нет активности в течении 5 минут
2;я заметил, что в вашей программе присутствует ошибка, которая мешает корректной работе программы, а именно вылеты, когда нажимается красная кнопка, я думаю ее нужно исправить.
2;Сделать отправку сообщений на подобии мессенджеров. Так как штатная очень непонятна и тяжела в использовании 
2;не работает кнопка добавить вложения, для добавления документов к сообщению.
2;Часто остаются уведомления, якобы сообщения все еще не прочитаны, хотя я их открывал
2;При нажатии на кнопку не срабатывает отображение данных
2;Долго приходит уведомление
2;Исправьте там кнопку в самом низу на второй странице
2;Упростите поиск страниц на сайте по ключевым словам
2;Некорректно работает Блекборд 
2;Выбает ошибку при переходе по ссылке  сайта
2;На бб архивы и видео повреждаются при перессылке
2;Работает некорректно выдача сертификатов о вакцинации
2;Скачкообразная загрузка сайта Black Board при наличии большой загруженности 
2;Проблема со входом при большой посещаемости сайта.
2;Сайт долго грузит, даже при хорошем интернете 
2;Неудобный функционал для добавления пользователей
2;Интуитивно не понятно куда нужно нажимать. Упростите, пожалуйста, версию сайта.
2;После открытия вкладки главное меню не открывается
2;доступ к сети интернет не предоставляется по умолчанию, приходится каждый раз подключать заново
2;Не могу получить доступ к базе данных при использовании нового пароля
2;Не устанавливается обновление, пишет Error 14651464665 
2;После обновления пропала кнопка выхода из учетной записи, не могу сменить учетную запись
2;При создании нового чертежа происходит вылет программы на рабочий стол
2;Сбрасывается функция открытия меню в мобильной версии
2;Все корректно работает, кроме отображения входящих писем.
2;Отсутствие или не полнота справки 
2; я уже целый час не могу оформить заказ в вашем приложении, при формировании заказа не показывается есть ли товар в наличии или нет, а когда нужно оплачивать выходит ошибка, что я не могу оформить заказ, т.к. товара нет в наличии и просит пересобрать заказ.
2;когда я меняю разрешение в вашей игре , у меня вылетает ошибка что не хватает памяти.
2;У меня часто возвращение на предыдущее окно работает не с первого раза, надеюсь эта функция исправится
2;Доброе утро, иногда не отображается задний фон приложение, могли бы вы это исправить
2;Не могу закрыть дополнительное окно, т.к. кнопка недоступна
2;таблицы иногда грузятся слишком долго или вообще пропадает загрузка таблицы и выводит пустое окно
2;Не могу восстановить пароль, перейдя по кнопке 
2;Разделение экрана просто переключает окна. Исправьте.
2;Хай, при смене региона устройства, текст отображает в неверной кодировке 
2;Ало, почему я не могу зайти на сервер
2;У меня монитор одного разрешения, на сайте выводит абсолютно другое. Хотелось бы, чтобы это исправилось 
2;Некорректное отображение кол-во пройденых тестов. 
2;исправьте баг, при котором не меняться разрешение окна
2;Некорректное отображение при просмотре на экране телевизора. 
2;Ошибка 0x000012f  приложение не запускается. 
2;При захождении в группу не отображается график при обновлении страницы
2;Не могу добавить студента в группу пишет Error 125
2;Не могу написать студенту письмо выскакивает ошибка Error 126
2;Не могу написать письмо сразу всей группе , при выделении студентов ошибка Error 127
2;Приложение работает медленно 
2;Ничего не работает 
2;при входе в личный кабинет сайт выдаёт ошибку входа и выбрасывает меня в главное меню
2;некорректно работает адресная строка
2;не могли бы Вы исправить ошибку,выходящую при закрытии программы. Документ зависает, всплывает окно с ошибкой и документ не закрывается.
2;Проблема на серверах, часто зависает сайт
2;При открытии новой вкладки вылетает
2;Неполный охват данных при отображении
2;Когда нажимаю на кнопку отправить сообщение, дублируются дважды, можно исправить эту проблему ?)
2;Тяжело возвращаться в список дисциплин, когда нахожусь в уведомлениях
2;При нажатии на профиль не показывает мою фотографию
2;Я прочитал сообщение, но они отображены как не прочитанные
2;Не загружаются презентации 
2;При сохранении документа выходит ошибка Есх 5839
2;Некорректно работает загрузка тестов в блэкборде
2;Сервис неправильно показывает погоду по городу, у меня показывает -2, а ваш сервис 0
2;какая-то проблема на сервере, из-за чего сайт перестал грузиться, зайти на сервер не смог, вроде не подошел пароль. Прошу как можно скорее помочь!
2;У меня некорректно показывает данные о друзьях
2;На сервере не загружается сайт, возникает ошибка 564 Server Error
2;Не отправляться файл, если страница была долго открыта 
2;Некорректно работает сайт, когда он перегружен посетителями
2;у меня не показывает кол-во непрочитанных сообщений
2;Уважаемые разработчики! После последнего обновления ПО версии андроид у меня не открываются видео сообщения, (я отправить могу) пишет не удалось завершить загрузку повторите попытку позже. Пожалуйста, устраните эту проблему, очень не удобно.
2;После обновления системы не открыть фото, видео, аудио файлы и документы. Резервную копию чатов не даёт создать
2;Что с приложением происходит, начало вылетать, медиа на телефоне не видит половино, половино пишеь формат не поддерживается, часть вообще не видит. Исправьте, иначе оно становится все более бесполезным
2;Перед тем как написать человеку, нужно добавить его в свою телефонную книгу. А если я не хочу захламлять свою книгу контактами, с которыми нужно связаться 1 раз? Сначала добавляй, потом удаляй, ужасно не удобно.
2;Приложение сломалось, периодически подвисает и не может обновить профиль, фотографии, ленту, не погружаются Аватарки. Приложение сносил, переустанавливал, ставил на новый дивайс, проблема сохраняется.
2;сделайте что нибудь, несколько видюх в один пост впринципе не выложить - приложение ломается и вылетает
2;Решил зарегистрироваться, написало: сервер недоступен
2;Я не могу отправить сообщение другу по почте
2;Карусель не всегда пролистывается, лента повторяется с места на место, хоть сто раз обновил, новые посты не погружаюсь в той же ленте. В сторис через раз видно тех, кто просмотрел.
2;В последнее время возникает ошибка: при публикации видео в истории, если он бьется на несколько частей, то загружается только первая часть, остальные 
2;у меня такая проблема , я не могу писать кому то в прямом эфире , у меня не видно ни текста , ни клавиатуры , ничего не помогает, перезагружал телефон , удалял и скачивал инстаграм , пожалуйста скажите как решить эту проблему!
2;кнопка открытия уведомлений не работает, при нажатии ничего не происходит
2;я никак не могу выгрузить документ с данными с сайта
2;не могу загрузить папку с картинками, хотя всё делаю по инструкции
2;неправильно определяет моё местоположение на карте
2;не могу оставить комментарий под постом
2;в окне отображения даты стоят прочерки, исправьте
2;не могу посмотреть профиль друга, хотя он открыл мне доступ в нему
2;некорректно работает опция 
2;когда захожу в управление пользователями не могу вернутся ни на какую другую вкладку
2;не работает опция на отключение получения сообщений от людей, которые не находятся у вас в друзьях
2;не отображаются сообщения от определённого человека, из-за чего это может быть?
2;не могу загрузить фотографию на аватарку, в чём проблема?
2;не получается открыть фотографию в полноэкранном режиме, исправьте пожалуйста
2;не верно выводит данные о последнем присутствии в сети пользователя, мой друг был в онлайне 5 минут назад, а пишет, что был в сети 2 недели назад
2;После обновления системы не приходят уведомления 
2;Не вводится текст в строку поиска 
2;при запуске программы начинает ругаться антивирус
2;пропали или повредились данные: вчера я видел эти записи, а сегодня их нет или они другие
2;программа не видит подключенный к компьютеру штрих-сканер или кассовый аппарат
2;провожу документ и программа вылетает, помогите
2;Не подставляется позиция номенклатуры, как решить данную проблему?
2;Достаточно давно не заходил на свой сайт, а сегодня утром, когда включил компьютер, с удивлением обнаружил, что он не загружается
2;С августа не могу посмотреть содержимое почтового ящика
2;Ссылка на скачивание оплаченного произведения не пришла во «входящие»
2;С появлением новой почты Яндекса внезапно пропала вся входящая корреспонденция, а главное, деловая. Высвечивается исходящая почта, но без адресов получателя. Пожалуйста, помогите, срочно!
2;Перестали открываться письма в почте. Дайте, пожалуйста, совет как исправить положение, но так чтобы не испортить - сохранить всю переписку
2;не могу ничего ввести в строку для логина, не нажимается
2;Сайт сам обновляется и сбрасывает все введённые мною данные во вкладке
2;При нажатии кнопки у вас не показывается боковая панель с инструментами в браузере
2;не работает управление жестами, при перемещении курсора вниз-вправо страница не закрывается
2;у вас не работает функция изменения шрифта страницы
2;браузер перестал автоматически скачивать последние обновления
2;некорректо работает перевод страницы с английского на русский (некоторые слова остаются на английском)
2;при загрузке файла вылезает ошибка, что файл слишком большой,хотя он весит всего 10 кб, а ограничение до 10мб, исправьте пожалуйста
2;не работает отключение рекламы на некоторых сайтах
2;при нажатии на кнопку написать в службу поддержки появляется уведомление 
2;не работает функция синхронизации данных для разных устройств
2;не могу создать новую закладку, хотя место ещё есть
2;Прошу учебный материал предмета разместить по порядку
3;Не удается подключить мышку к компьютеру, пишет ошибку о неизвестном устройстве
2;Прошу исправить порядок сообщений:все отправленные сообщения по данному предмету поместить в один блок, полученные - в другой
2;Исправьте мерцание текста при работе когда окно не во весь экран
2;Исправьте закрытие программы при выборе не рабочего принтера
3;Не удается подключить мышку к компьютеру, пишет ошибку о неизвестном устройстве
2;Исправьте посторонние звуки уведомления во время работы программы
2;Исправьте срабатывание антивируса при компилировании
2;Исправьте местоположение файла при автоматическом сохранении
2;Исправьте кодировку текстового файла с результатами вычислений
2;Исправьте кислотные цвета фона приложения на более спокойные
2;Исправьте вызов справки которая открывает файл в браузере
2;Исправьте зависание при закрытии приложения
2;Исправьте открытие в оконном режиме после закрытия в полноэкранном режиме
2;Просьба исправить зависание и вылет при попытке сохранения текстового файла
2;При попытке создать новый проект программы вылетает
2;При настройке нового проекта невозможно сохранить изменения
2;Не открывается проект после обновления программы
2;Извините , сайт плохо оптимизирован для модели смартфона Xiaomi , очень долго грузит
2;После установки патча в программе появились артефакты(съехал шрифт,цвета вьюпортов стали черными)
2;Слетает время и дата после перезагрузки компьютера
2;Не работает функция смены цвета шрифта
2;Не запускается программа после установки плагина
3;Не удается подключить мышку к компьютеру, пишет ошибку о неизвестном устройстве
2;Программа не отвечает после попытки произвести конвертацию проекта
2;Не работает функция конвертации изображения в bmp формат
2;Некорректно открывается ссылка.
2;Некорректно открывается изображение, размер слишком маленького размера.
2;Когда входишь в мои уведомления, не показывается первые уведомления.
2;Не открывается ссылка.
2;Не отправляется сообщение, выдаёт ошибку при отправлении.
2;Некорректное отображение интерфейса в мобильной версии
2;Некорректное отображение шрифтов 
2;Не работает корректно отображение видеофайлов
2;Некорректное отображение разных языков
2;Не приходят письма с подтверждением на почту
2;При большом онлайне слишком часто крашит систему
2;Не работает кнопка отправления сообщений.
2;Не работает переход на другую странницу по ссылке
2;при переходе на страницу не всегда прогружается меню поиска
2;Не корректно отображается текст
2;Ссылка открывается с чёрным фоном.
2;при открытии программы неккоректно выставляется разрешение окна
2;Некорректно работает на мобильном устройстве 
2;Сайт часто перегружается ,из-за этого приходится ждать большое количество времени для отправки информации.
2;Периодически возникает ошибка во время отправки сообщений.
2;не работают теги
2;не работает scroll страницы
3;Не удается подключить мышку к компьютеру, пишет ошибку о неизвестном устройстве
2;Приложение некорректно работает после обновления на мобильном устройстве
2;Неккоректное восприятие программой символов из разных раскладок клавиатуры
2;После последнего обновления не работают некоторые функции
2;Во время ввода с русского языка выводятся непонятные символы
2;Устраните ошибку при видеозвонках, временами пропадает звук
2;Долгое отображения фото и видео файлов
2;Не работает кнопка отправки сообщений
2;Некорректная работа вкладки
2;Не отключаются уведомления
2;В уведомлениях отображаются символы на китайском
2;Не работает кнопка аудиозвонков
2;Не работает функция видеозконков
2;Постоянные вылеты приложения при использовании
2;При поиске в диалоге определенных сообщений приложение закрывается, решите проблему
2;неудобно заходить в главное меню
2;не корректно работает прогресс
2;Вылетает приложение
2;не работают уведомления
2;некорректно работают текстовые фаилы
2;некорректно отображается личный профиль
2;некорректно отображается информация о пользователе 
2;некорректно отображается ссылка
2;не подключается к серверу
2;не работает поиск
2;не работает кнопка возврат домой
2;Слишком долгая загрузка страницы и открытие вкладок
2;Сайт постоянно зависает, при большом наплыве людей выдает ошибку 404.
2;В приложении происходит частый вылет при нажатии кнопки:создать объект без сохранения файла. 
2;При подключении устройства по выдает ошибку и не видит подключенное устройство 
2;Некорректное отображение информации о системе: количество памяти для хранение проекта, температура процессора и видеопамяти.
2;Не хватает Dll файла mvscr100.dll, при запуске программ выдают ошибку.
2;При заходе на страницу заказа, пищит, что в вашем городе нет магазинов для доставки, хоть они и есть.
2;при подключении к сети пишет ошибку, сеть или драйвер не работает.
2;Драйвер на геймпан не работает, при подключении геймпада выходит ошибка, устройство не найдено.
2;Слишком мало разрешенной памяти для отправки файла на сайт
3;Не удается подключить мышку к компьютеру, пишет ошибку о неизвестном устройстве
2;не запоминает мои данные для входа, хотя я поставил галочку на 
2;я удалил свои данные для входа из истории браузера, однако он продолжает их добавлять в соответствующие поля
2;При нажатии перевести страницу на русский язык ничего не происходит
2;Не работает кнопка отрыть предыдущую вкладку, вылезает ошибка
2;Не создаётся папка на облачном диске, пожалуйста, исправьте
2;прерывается загрузка файла примерно на середине шкалы, и так со всеми файлами, что не так?
2;у вас не работает функция автозаполнения моих данных на странице
2;не работает функция поиска последней вышедшей версии драйвера, хотя я знаю, что есть новее чем у меня
2;я уже вошёл на свой аккаунт, но приложение всё равно просит авторизоваться, и когда повторно ввожу данные и отправляю ничего не меняется
2;Некорректно работает раздел с курсами,подвисает
2;Некорректно функционирует сам сайт,подвисает,выбрасывает в главное меню
2;Некорректно работает раздел с сообщениями, отображает не все чаты
2;Некорректно работает раздел с баллами
2;Некорректно работают настройки сайта,не могу настроить сай так как мне нужно
2;Некорректно работает главное меню сайта не могу перейти туда куда нужно
2;Не отображается настройки,не могу ими воспользоваться
2;Некорректно работает сервис по консультации пользователей
2;Портфолио отображается не корректно
2;Некорректно работает главный раздел сайта
2;Некорректно работает звук на конференц связи
2;При загрузки сайт выдает ошибки
3;Не удается подключить мышку к компьютеру, пишет ошибку о неизвестном устройстве
2;Не работает помощь по сайту
2;При выполнении теста выдаете корректные данные
2;При загрузки файла сайт не принимает формат файла
2;Не корректно работает раздел помощи участникам сайта
2;При нажатии на кнопку выход, происходит зависание всей системы, после перезапуска не сохраняются результаты работы программы
2;исправьте пожалуйста положение окон, очень не удобно просматривать информацию
2;не могу войти в систему, выдает ошибку: Службе “Служба профилей пользователей” не удалось войти в систему.Невозможно загрузить профиль пользователя.
2;Некорректно работает функция звонка, звук очень плохого качества
2;После обновления не работает кнопка отправить письмо во вкладке сообщения 
2;у меня не нажимается красная кнопка, как это можно исправить?
2;Исправить частые ошибки при входе в BlackBoard
2;Доброе утро, у меня проблема: при запуске приложения начинает виснуть операционная система, но при автономной работе все нормально работает.
2;С перебоями открывается вкладка курсы
2;Долго открывается список всех предметов, а после не отображается меню навигации
2;Разлогинивается сайт, приходится авторизоваываться на каждой вкладке
2;Настройте мне на моём компьютере удаленный доступ на мой ноутбук
2;У меня сайт глючит ,когда на нем сидит много пользователей
2;Глючит сайт Блекборда
2;Зависают GIF - ки
3;Не удается подключить мышку к компьютеру, пишет ошибку о неизвестном устройстве
3;Не удается подключить мышку к компьютеру, пишет ошибку о неизвестном устройстве
3;Не удается подключить мышку к компьютеру, пишет ошибку о неизвестном устройстве
2;Бб не работает когда на нем много народа
2;Глючит сайт, когда слишком большой поток пользователей
2;Сайт вылетает при множество открытых вкладок 
2;Пожалуйста, исправьте меню сайта.Интуитивно тяжело найти сообщения.
2;Виснут GIF - ки
2;При заходе на одну из вкладок, не возможно из нее выйти. Разберитесь, пожалуйста.
2;Сайт очень долго заходит на аккаунт, и иногда не отображает данные пользователя
3;При воспроизведении музыки приложение вылетает
3;Через 10 минут после включения отключается монитор
3;не работает клавиатура в отделе продаж
3;Постоянно вылетает шлейф из принтера
3;Перестала моргать зеленый индикатор на роуторе, и теперь не работает интернет
2;ПК начинает глючить при работе с текстовыми документами
2;Исправление частых глюков при входе в систему
2;Иногда глючат уведомления.
2;Постоянная авторизация при обновлении страницы 
2;Купил у вас в онлайн магазине монитор, подключил все согласно инструкции, но при включении компьютера, на мониторе появляется надпись 
2;Недавно при запуске вашего приложения начал жутко тормозить комп. Но когда я запускаю диспетчер задач и выхожу из него все становится нормально. Как можно решить эту проблему?
2;бывает не с первого раза включается выбранный мною предмет, возможно это проблема именно моего компьютера, но все же
2;во время нажатие на кнопку входа, выдаёт ошибку с подключение с сервером
2;После 5-10 минут работы программы, компьютер выдаёт ошибку и отключается
3;Пробел не работает с тех пор,как я пролил кофе на клавиатуру,помогите.
2;не включается кнопка запомнить пароль и логин
2;Некорректное отображение страницы по кнопке 
2;При работе программы загруженность ЦП составляет 90,2%. Это ужасно.
2;при входе появляется ошибка соединения
2;адаптируйте приложение под разрешение 4к
2;не включается английская раскладка клавиатуры
2;Не могу добавить в сообщение какой либо
2;Не открывается программа с включенным антивирусом
2;Реклама мешает просмотру страницы, но я не могу её закрыть. 
2;Вылетает игра при долгом нахождении в местах с сильной нагрузкой 
2;Отправка сообщений куратору происходит очень медленно или из-за сильной перегрузки системы не происходит совсем. 
3;не работает клавиатура после перезагрузки системы
3;Отключается сканер после 5 минут работы
3;Сломался ролик на мышке, замените, пожалуйста
3;не работает принтер
3;Лагает монитор, цетооотображение неверное
2;Не запускается приложение для принтера
2;при заходе на страницу начинает глючить сайт
2;при открытие главной страницы перестаёт работать сайт
2;зависла программа, не закрывается и не сворачивается, как можно исправить?
2;При отправке сообщения, сайт необходимо перезагружать несколько раз
2;Не загружается первая страница
2;Не загружается первая страница сайта
3;Заедает мышка
3;Мигает экран пк
3;К сожалению, при загрузке сайта, заедает клавиатура и это отвлекает, решите проблему пожалуйста!!!!
2;Долго загружается отправка сообщения 
2;Кнопка сообщение не горит активной после первого нажатия
3;USB разъем не работает
2;Сайт долго загружает тесты для прохождения
2;При загрузке драйверов, выдаёт сообщение, что «Windows» успешно загрузила драйвер устройства для данного оборудования, но не удается найти устройство.
2;Сайт вылетает при прохождении теста
3;Не могу правильно подключить мышку к компьютеру
2;Запуск данного устройства невозможен. Попробуйте обновить драйвера для этого устройства, как можно решить эту проблему?
2;Поврежден провод для подключения клавиатуры
2;успешно загрузила драйвер устройства для данного оборудования, но не удается найти устройство
2;Низкая скорость загрузки входной станицы 
2;Необходимо обновить сайт, чтобы узнать пришло ли сообщение
3;у меня не идёт звук в наушниках, помогите пожалуйста
3;не видит видеокарту, хотя она установлена и подключена к питанию, что делать?
3;При подключении мышки, к системному блоку появляется надпись установка драйверов устройства и не пропадает, при этом мышка тоже не работает
3;резко отключили электричество, и когда электричество дали, я попытался включить компьютер, то он издал 4 раза звук, и отключился, пробовал снова тоже самое, как решить данную проблему?
3;При рендере видео, кулеры на видеокарте начинают громко шуметь, мешают работе, как можно исправить?
3;компьютер не видит флешкарту, проверял на другом все открывается, у меня же просто ничего не появляется, как будто бы флешка даже не включена
3;Не работает кнопка, при нажатии на кнопку SHIFT на клавиатуре шрифт не становится прописным
3;заправил катриджи принтера, но принтер все равно продолжает печатать бледно, как будто бы он не видит что краска добавлена
3;у меня неправильно подключена видеокарта в компьютер
3;При нагрузки видеокарты появляются непонятные символы на экране, что можно предпринять чтобы исправить
3;вебкамера при съемке видео снимает в чернобелом варианте, что делать?
3;Компьютер не обнаруживает вторую плату оперативной памяти, что делать?
2;периодически гаснет монитор, иногда вовсе не включается
3;появляется посторонний звук при работе с наушниками
2;не воспроизводится звук при запуске видео, хотя при всё остальном всё работает
3;не работает кнопка включения монитора
3;заела кнопка микрофона, что делать?
2;дисковод не подключен, а я хочу скачать файл с диска
3;залипло 25 основных клавиш клавиатуры, что можно сделать (пишу с телефона)
2;у меня на мониторе зависла одна картинка и ничего не происходит, когда я что-то делаю
3;отошёл провод у наушников, перестал работать микрофон, почините пожалуйста
3;кнопка включения компьютера провалилась в системный блок и застряла там, помогите
3;как подключить кабель от монитора к системному блоку?
3;сломался разъём для USB кабеля, помогите пожалуйста
3;можете починить мой кнопку на мышке, она заела и не двигается
3;не могу подключить кабель интернета к компьютеру
3;Звук переодически пропадает в колонке
3;Не крутится колесо мыши
3;Не удается подключить мышку к компьютеру, пишет ошибку о неизвестном устройстве
2;программа ни с того ни с сего перестала запускаться или показывать главный экран
2;не могу воспользоваться привычной функцией отправки сообщений
3;Перестала автоматически подключаться умная колонка к телефону, помогите пожалуйста
3;Не получается подключить второй монитор, смена кабеля не помогла, помогите решить проблему
3;Помогите решить проблему с клавиатурой, точнее с сочетанием клавиш WIN+Fn, не получается включить функцию WinLock
2;не исправен мой микрофон, при проверке ползунок двигается, но звука нет, помогите решить проблему
2;глючит монитор, пропадает изображение, кабель проверял, он работает, в чем может быть причина?
3;Не удается подключить мышку к ноутбуку, пишет ошибку о неизвестном устройстве, помогите
3;Помогите с установкой гарнитуры и правильным ее подключением, или отправьте мануал, спасибо
2;Не удается подключить wi-fi адаптер, не определяется, помогите
3;на мониторе появились зелёные точки, кажется это сгоревшие пиксели, что делать?
2;не работает один из слотов памяти для ОЗУ
3;один конденсатор на материнской плате вздулся и компьютер не включается
3;у меня клавиатура с подсветкой, и она сама периодически включается и выключается, что делать?
2;курсор мыши на экране не двигается, хотя я перемещаю мышку по столу
2;подсоединил наушники, но звук не идёт и компьютер их не видит
3;батарейка выпала из материнской платы
3;не горит кнопка-индикатор подключения монитора к компьютеру
2;при прибавлении звука в колонках ничего не происходит, громкость остаётся на том же уровне
2;не работает кнопка Tab на клавиатуре, но иногда срабатывает, когда я даже не нажимаю
2;не могу нажать на кнопку настроек, она не активна
2;не могу подключится к интернету на компьютере
3;компьютер стал сильно греться и выключатся при сильной нагрузке
3;отходит контакт на наушниках и видно провод, левый наушник перестал работать
2;Отправка видео занимает много времени, прошу исправить
2;Прошу исправить слишком долгое обновление страницы
2;Исправьте произвольное выключение приложения
2;Исправьте не сохраняемость файла в автоматическом режиме
2;Исправьте выключение приложения при сворачивании
2;Исправьте приложение, не запускается в обычном режиме только от имени администратора
2;Исправьте приложение, закрывается при отправке файла на печать
2;Исправьте приложение, закрывается при сохранении файла в другой формат
2;Исправьте слетающий часовой пояс, который сбрасывается каждый раз при входе
2;Исправьте кодировку для входящий фалов с данными
2;Исправьте порядок записи координат в системе координат
2;Исправьте синхронизацию аккаунта, выходит из учтённой системы при перезагрузке
3;При подключении в слот пилота штекера происходит замыкание, необходима замена
3;Необходима замена блока питания, т.к последний не держит заряд при отключении электричества
3;Происходит периодическое отключение принтера и плоттера от сети
3;Не включается принтер
2;сайт выдаёт адресную ошибку , как ее можно исправить?
3;Происходит периодическое отключение модема с последующей перезагрузкой
3;Зависает принтер при попытке распечатать что- либо
3;Не работает сканер
3;Не работает веб - камера
3;Не работает Card - reader, требуется замена
3;Некорректно работает маршрутизатор
2;Зависает сайт при прохождении по ссылке.
2; Зависает сайт при открытии теста.
2; Не загружается аудиосообщение.
3;Не работают колонки при включении аудиосообщений.
3;Глючит электронная клавиатура.
2;Глюки с открывание файлов в веб-формате
2;Не включаются некоторые модули
2;Частые отключения и сброс таймлайна при просмотре видео
2;Глючат некоторые кнопки в меню, например, настройки
2;Глючат горячие клавиши
2;Сайт часто перезагружается, при наплыве слишком большого количества людей
3;Не работают колонки при воспроизведении видео.
2;Не могу отрыть браузер
2;данные отображаются некорректно
2;глючит программное обеспечение
3;Глючат колонки.
2;глючит сервер, не могу скачать данные
2;глючит сайт
2;Не подключается к видеозвонку ,исправьте проблему
3;Новый пк не воспринимает подключение мышки.
2;глючит открытие фотографий 
2;не подключается к сети 
2;Заблокирована кнопка отправки сообщений, что делать?
2;Очень долгое включение программы на мощном компьютере
3;Постоянно отключается клавиатура, как решить проблему?
2;Отключается и уходит в ошибку при многократном нажатии на кнопку настройки
3;Компьютер не воспринимает флешку, как быть?
2;Глючит приложение при изменении некоторых настроек
3;Не воспринимается видеокарта, как решить проблему?
3;Глючит терминал
2;Завистает программа при вводе правильных данных
2;Глючит отображение и кнопка выключить программу
3;Периодически отключается монитор от пк
3;Видеокамера снимает в черно-белом цвете
3;Глючит сенсорная клавиатура, исправьте ошибки
3;Компьютер включается и перезагружается автоматически без остановки, что делать?
2;переодически отключается приложение 
2;глючат сетевые фаилы
2;глючит переход  между сайтами
2;глючат уведомления
2;выключается браузер
3;Отключается персональный компьютер
3;глючит интернет
3;Отключается монитор
3;глючит клавиатура
3;не включается монитор
2;отключается приложение
2;Время от времени некорректно отображаются ворд файлы на сайте 
2;Частый вылет программы, вылет системы с синем экраном и уход в перезагрузку.
3;Неисправная работа бесперебойника, отключение компьютера, частый писк и выход из строя.
3;Пк не хватает оперативной памяти, из за чего происходит слишком долгая загрузка программ
3;Замена жесткого диска на более лучший, как пример ssd диск для более быстрой работы системы
2;При работе с программой uniti 3d происходит частые зависание системы с последующим ее вылетом (либо самой программы, либо полностью системы с выводом синего экрана с ошибкой)
3;Компьютер не запускает некоторые exe файлы, ругается антивирус хоть и программы были полностью проверены и не несут в себе вирусов.
3;При использовании мышки она зависает на 5-10 секунд, при это издается звук отключение и после подключения устройства
3;Время от времени отключается клавиатура на несколько секунд со звуком отключения и подключения устройства
3;Камера работает не корректно, слишком плохая картинка, а так же пропадает картинка на 3-4 секунд, либо зависает на несколько секунд
3;У меня часто перегревается процессор и из-за этого компьютер часто сам перезапускается
3;у меня не работает одна из колонок, провод который к нему подходит в одном месте оголённый, помогите
3;у меня не работает микрофон в наушниках, хотя сами наушники хорошо функционируют
3;у меня продавилась кнопка на мышке и залипла, почините, пожалуйста
3;у меня отошло место пайки для USB кабеля
3;у меня очень сильно лагает монитор, картинка то появляется, то исчезает
3;после отключения электричества перестал включаться роутер, помогите
3;жёсткий диск начал издавать странные звуки (хруст)
3;сетевая карта после установки не обнаруживается компьютером
1;откройте пожалуйста в вашей программе доступ к изображениям красной кнопки.
1;откройте пожалуйста в вашей программе доступ к отсканированным изображениям
2;Добавление функции редактирования сообщений и добавления коммннтариев 
2;возникли проблемы с доступом к рабочей папке, прошу восстановить доступ.
2;Нужно открыть доступ к лекциям к дисциплине: Экология
2;Добавьте меня в группу 
2;Просмотр группы недоступен
2;Дайте мне доступ к просмотру журнала посещения
2;Добавьте иконку состояния разных разделов
2;Нужно открыть доступ к разным сайтам
2;Нет доступа к сообщениям
2;На бб добавить календарь с расписанием 
1;Быстрый поиск нужен
3;Не определяется флешка
2;Добавить календарь расписания занятий 
2;Прошу добавить в календарь отправленные нам сообщения по предметам отдельно 
2;Откройте доступ к сообщениям
2;Не имею доступ к библиотеке
2;Не имею доступ к библиотеке. Пожалуйста, включите меня в список.
2;Включите меня в список людей, зарегестрированных на сайте
2;Откройте доступ к библиотеке
2;Откройте доступ к дашборду отбора школьников
2;Добавьте возможность блокировки пользователей
2;А можно добавить возможность обновления данных в режиме реального времени?
2;а можно сделать так, чтобы уведомления приходили на телефон, а данные отображались графически
2;Просьба добавить меня в закрытую группу рабочего коллектива
2;Запрос на добавление в беседу
2;Функции создать беседу (для одногруппников). 
2;Доступ к общему чату
2;не могу получить доступ к админке сайта, не могли бы открыть доступ к административной панели сайта.
2;Мое устройство поменялось могли бы вы открыть доступ к папке?
3;Не определяется флешка
3;Не определяется флешка
2;Приветствую, я подключил свою подписку, оплата прошла, но мне не активировало премиум, могли бы исправить это?
2;Хочу иметь доступ к базе данных. Прошу предоставить доступ.
2;Хотелось бы поучаствовать в Яндекс Лицее, но к сожалению вырос уже))
2;Сделайте меня учащимся по курсу инженерной графике.
2;Перенесите меня в Базу Данных 
2;хотелось бы возможность менять название заголовка
2;можете добавить приватные сообщения
2;мне бы хотелось добавления функции 
2;Дайбавте мне возможность создавать закрытые группы. 
2;не могли бы вы добавить функцию смены темы ПО?
2;Добавьте функцию дабвления контакта в черный список, чтобы я не мог видеть  сообщения, которые он мне отправил. 
2;Открыть доступ ко всем файлам
2;Прошу добавить музыкальные эффекты при правильном выборе ответа. 
2;Откройте доступ к папке 
2;Добавьте меня в группу пользователей Преподаватели
2;Откройте доступ к общей папке с отчетом
2;прошу добавить мне доступ к сетевому принтеру
2;Откройте мне доступ к скрытым папкам
2;Откройте доступ к полной версии
3;Не определяется флешка
2;прошу вас включить меня в беседу с менеджерами
2;я бы хотел открыть доступ к рабочим документам
2;прошу Вас добавить меня в группу и предоставить доступ к файлам по теме группы.
2;Навигация 
2;Обратная связь не работает
2;Обратная связь часто лагает
2;Обратная связь глючит
2;Онлайн ответ не доступен
2;Добавление пользовательских типов записей и так далее
2;Добавьте, пожалуйста, журнал с баллами 
2;Прошу меня исключить из всех групп, в которых я состою
2;Прошу сделать доступ к моим файлам всем моим друзьям
2;Добавьте расписание занятий
3;Не определяется флешка
2;Карта сайта не отображается
2;Добавьте функцию создание беседы для одногруппников
2;Сделайте мой аккаунт недоступным для остальных
2;Онлайн чат не работает
2;Добавьте опцию пожаловаться
2;Возможность полного клонирования/размножения выбранного аккаунта
2;Добавьте функцию добавления доступа к папке
2;Добавьте возможность посмотреть список долгов
2;удалите мой аккаунт, я больше не буду сюда заходить
2;дайте пожалуйста права администратора Васе Пупкину, он не может создавать базы данных
2;Срочно, закройте доступ к общедоступным папкам, всем, кроме руководителей проекта
2;При загрузке поста у вас на сайте пикабу, выходит ошибка что у меня не хватает рейтинга для создания поста, не могли бы вы мне дать возможность создавать посты
2;добавьте пожалуйста возможность создавать заявку на аренду авто, за действующие границы аренды.
2;не могли бы открыть мне доступ к тарифу Комфорт+, т.к. мне сегодня исполнилось 26 лет, и у меня 6 лет стажа.
2;добавьте возможность админу чата, удалять сообщения  участников которые спамят
2;Добавьте возможность заходить на один аккаунт с различных устройств, чтобы при этом не откуда не выкидывало
2;можете добавить в меню пункт 
2;добавьте пожалуйста стажеров в общий чат компании
2;добавьте для создателя чата функцию, которая позволяет запрещать изменять название чата, посторонним людям
2;хочу поделиться аккаунтом с другом, добавьте возможность делиться аккаунтом с другом!
2;можете заблокировать одного человека, чтобы не получать от него сообщения
2;я хочу, чтобы мне не приходили смс оповещения о разных нововведениях
2;хотел бы добавить пароль на папку, чтобы только я его знал, есть возможность это сделать?
2;добавьте пожалуйста календарный график посещения сайта, чтобы я видел, как часто я здесь бываю
2;добавьте тёмную тему для моего профиля
2;хочу видеть в своём профиле свой рейтинг среди остальных участников
2;хочу, чтобы на моей странице сразу же отображались уведомления за сегодняшний день и их общее кол-во
2;добавьте мне кнопку для удаления всей моей переписки с другом
2;добавьте мне возможность управления расположением элементов на сайте, чтобы я сделал его под себя
2;добавьте мне возможность покупки вип аккаунат, для получения большего кол-ва возможностей
2;добавьте возможность редактирования своего профиля
2;хотел бы, чтобы моя аватарка каждый раз менялась, при очередной авторизации
2;добавьте мне возможность самостоятельного выбора основных элементов меню, которые буду на главном экране
2;хотелось бы, чтобы на моей странице выводились только имя и ссылка на инстаграмм
2;Рассылка массовых сообщений
3;Не определяется флешка
2;Откройте доступ к общему чату компанию 
2;добавьте функцию использования нескольких учетных записей одновременно
2;добавьте функцию привязки банковской картой или по номеру телефона
2;добавьте функцию скачивания видео в высоком разрешении
2;добавьте функцию перехода по страницам сайта свайпом влево
2;добавьте функцию открывания дверей через приложение
2;добавьте функцию включения ионизации воздуха в помещении, через приложение
2;добавьте базу данных для новых пользователей, для хранения их логинов и паролей
2;добавьте функцию очистки всех сообщений в папке, неудобно удалять по одному
2;добавьте поддержку мобильных устройств с операционной системой IOS
2;добавьте функцию проверки писем на спам
2;я хочу получить права администратора группы 
2;добавьте мне возможность просматривать содержимое приватных групп
2;хочу видеть свои достижения в отдельной вкладке
2;хочу чтобы при вход на сайт появлялось окошко с погодой на сегодня
2;добавьте мне возможность переводить выделенный текст, без захода в переводчик
2;добавьте горячую клавишу для быстрого удаления всех событий
2;добавьте возможность выбора нужной мне версии браузера
2;добавьте мне возможность удаления истории моих запросов
2;добавьте на моём профиле панель закладок для быстрого доступа к часто посещаемым страницам
2;дайте мне возможность запрещать или разрешать показ уведомлений от определённых сайтов
2;добавьте мне возможность добавления новых слов в словарь, которых там ещё нет
2;добавьте возможность изменения фонового изображения на моём профиле и на главном экране
2;добавьте мне возможность синхронизировать данные о моих действиях, когда я заходу с другого устройства, например, с телефона
2;добавьте мне функцию фильтрации рекламы на моей странице
2;Прошу преподавателя определенного предмета для удобной отправки сообщения размещать первым в списке 
2;Прошу добавить количество баллов по каждому предмету
2;Добавьте в группу бухгалтеров департамента каскадёров
2;Добавьте меня в список который имеет  доступ к папкам на сервере компании
2;Добавьте новый принтер в список принтеров в нашем кабинете
2;Добавьте в группу пропусков практикантов
2;Добавьте приложение для отслеживания курса доллара
2;Добавьте виджет в виде часов со стрелкой на рабочий стол
2;Добавьте функцию отслеживания активности работы за компьютером
2;Добавьте функцию отслеживания выхода в интернет
2;Добавьте уведомление об удачном или неудачном сохранении
2;Добавьте цветовую индикацию болеющий в группе
2;Просьба добавить меня в группу нашего коллектива
2;Просьба добавить меня в сетевое хранилище для общего пользования
2;Нужно открыть доступ для обмена данными между пользователями сети
2;Присвойте мне роль на сервере Discord
2;я бы хотел получить доступ к информации обо мне доступную сайту
2;Необходимо добавить меня в группу нашего класса
2;Откройте доступ к Google документу для редактирования
2;Добавьте меня в группу нашего спортколлектива
2;Откройте мне доступ к Яндекс.Диску
2;Добавьте меня в приватную группу
2;Откройте доступ к удаленному рабочему столу
2;Добавьте функцию для добавления друзей.
2;Добавьте функцию обновления данных.
2;Добавьте функцию открыть доступ к группе.
2;Добавьте функцию общей беседы.
2;Добавьте, пожалуйста, функцию доступ ко всем сообщениям.
2;Добавление такой  функции как прямое сообщение преподавателю
2;Необходима кнопка редактирования профиля
2;Добавление кнопки массовой рассылки по всем 
2;Добавление функции редактирования отправленного сообщения
2;Добавление функции изменения шрифтов
2;Доступ к видео урокам которые проводят
2;Добавьте функцию аудиосообщений.
2;Откройте доступ для входа на сайт
2;откройте доступ к сайту
2;Откройте доступ к личному кабинету 
2;Добавьте функцию добавления одногруппников в блэкборде.
2;добавьте меня в обсуждение
1;Добавьте возможность редактировать адрес доставки 
2;Возможность блокировать определенных пользователей.
2;Возможность приглашать людей в группу не только администратору.
2;Дайте допуск к курсу 
2;дайте доступ к файлам
3;Не определяется флешка
2;Возможность открыть доступ к папке не только администратору.
1;Добавление возможности пересылки сообщения
1;Добавьте смайлики в чат.
1;Возможность редактирования введенных и отправленных данных
1;Возможность администратору блокировать голосовой чат в звонке
1;Необходима функция быстрого сохранения по горячим клавишам
2;Закройте доступ к определенной папке кроме администратора
2;откройте доступ к персональным данным
1;Функция фотографирования окна программы и сохранения на диске
1;Добавьте функцию управления расположения кнопками
2;Передайте администратора другому человеку
2;Добавьте меня в закрытую группу «123» ,пожалуйста
2;Прошу дать мне возможность комментировать посты
2;Прошу добавить мне возможность добавлять в группу людей
2;добавьте информацию об аккаунте
2;откройте доступ к данным
2;откройте доступ к приложению
2;добавьте удаление аккаунта
2;откройте доступ к информации
2;Добавьте меня в список 
2;откройте доступ к группе
2;добавьте меня в электив 
2;откройте доступ к сети
2;откройте доступ к командам
2;откройте доступ к файлам
3;Не определяется флешка
3;Не определяется usb
3;Не определяется usb флешка
2;Как уже сказано выше, общий чат для общения преподавателей и учащихся находящихся в одной группе.
2;Добавление общих папок для работы по локальной сети.
1;Добавление функции менеджера для более быстрого обращения к сотрудникам.
2;Закрыть доступ к некоторым папкам на пк для других пользователей локальной сети.
2;Выдача прав на использование виртуальной машины не рабоатет, например, изменение данных
2;Добавление функции интернета, для более удобной работы и поиска нужных файлов
2;Открыть доступ к общему менеджеру компании.
2;Открыть доступ к общим папкам компании
1;На сайте выдайте функционал добавления адреса в закрепленные
1;Добавьте в приложение автозаполнение фамилии и инициалов
1;Добавьте в приложение автозаполнение кода города
1;Добавьте в приложение автозаполнение пароля
1;Добавьте в приложение автозаполнение учетных данных, например, пароля
2;Доступ к документам локального компьютера закрыт, просьба открыть доступ для копирования и чтения файлов 
2;добавьте мне возможность выбора времени, через которое будет происходить автоматическое сохранение текста
2;добавьте мне возможность отключения рекламы по определённым темам, чтобы я сам это мог выбирать
2;добавьте мне возможность редактировать файлы, не скачивая их
2;добавьте мне возможность удаления истории моих финансовых операций, для безопасности
2;добавьте мне возможность автоматической проверки файл на вредоносные программы
2;добавьте мне какую нибудь комбинацию клавиш для создания скриншота рабочей области
2;Добавьте мне возможность запрещать и разрешать доступ сайтам к микрофону и камере
2;Добавьте мне функцию запуска диагностики системы на вирусы и вредоносное ПО
2;Добавьте мне возможность (кнопкой или опцией) для автоматического определения моего местоположения
2;Откройте доступ к содержанию курса по информатике
2;Откройте доступ к расширенным настройкам профиля
2;Откройте мне доступ к папке с лабораторными работами по вм
2;Открыть доступ к папке с лекциями
2;Откройте мне доступ к скрытым настройкам сайта
2;Откройте мне доступ к удаленным файлам
2;Откройте доступ к чату с группой
1;Добавьте в личный кабинет автозаполнение реквизитов
2;Добавьте мне на рабочий экран историю моих запросов
1;Добавьте историю файлов которые я открывала
2;Добавьте мне раздел с разделом моих курсов
2;Добавьте мне раздел со списком преподавателей и их данными
2;Откройте доступ к папке с информацией о всех полученных баллах
2;Откройте мне доступ к папке с тестами 
2;Не запускается поиск курсов
2;Добавьте папку с информацией пов всем работам
2;Добавьте мне раздел с количеством курсов
2;Не приходят оповещения из программы
2;добавьте пожалуйста меня в рабочую группу и сделайте администратором группы
3;пропал доступ к сетевому диску, прошу исправить
2;прошу  открыть доступ к материалам предмета, забыли добавить только меня
2;Прошу добавить меня в чат группы, по какой то причине я не могу самостоятельно присоединиться
1;я был бы рад, если бы при багах программы, очищалась ОЗУ моего устройства.
1;Сделать что-то на подобии черновиков, чтобы если какой то сбой не приходилось все заново печатать.
2;месяц назад менял пароль и забыл его, можно восстановить доступ к аккаунту?
2;Забыл пароль, нужно его сменить, помогите пожалуйста
2;Хочу сменить пароль от своего аккаунта
2;Техподдержка не отвечает
2;Напишите мне мой пароль который я забыл
2;При вводе пароля сайт пишит что пароль не верный
2;Нужно сменить систему вхождения в социальную сеть 
2;Ввожу правильный пароль, а говорит, что 
2;Смену пароля невозможно осуществить 
2;Повторять запрос позже, когда сайт лег
2;Надо сменить пароль, не запускается программа 
2;Иногда не открывается сайт(проблема неизвестная)
2;Пароль правильный, но говорит, что 
2;Забыл пароль, как восстановить
2;Забыл пароль от аккаунта. 
2;Смените пароль от моего аккаунта на sveta111
2;Сменить адрес электронной почты
2;Не могу получить доступ на учетную запись
1;Добавьте в приложение автозаполнение
3;Не включается сканер
1;Добавьте на сайт возможность автозаполнения
3;Не определяется флешка
2;надо удалить дублирующие записи для одного пользователя
2;как получить доступ и проверить работоспособность  доменного имени с пользовательской учеткой
2;Пишу с аккаунта друга , потому что мой аккаунт взломали, он под логином eulia
2;Нужно изменить пароль учетной записи в связи с утерей предыдущего
2;Запрос на автоматическое обновление страницы, при ошибке сайта 
2;Надо вывести окошко с запросом ввернутся обратно.
2;Смена пароля почему-то не работает
2;Доброе утро, требуется очистить кэш в базах данных на всех серверах, т.к. работа с базами данных стала затруднительна из за ожидания выполнения запросов пользователей.
2;Прошу вас изменить адрес моей почты. При регистрации совершил ошибку .
2;иногда при входе в свой аккаунт появляется чёрный экран, могли вы исправить данную проблему?
2;При смене пароля программа почему-то угрожает мне потерей аккаунта. 
2;Не могу запустить программу, нерабочий ярлык.
2;Добавить функцию для отправления одного сообщения нескольким людям
2;Не могу выполнить тест по причине того, что он не открывается.
2;Не удаётся восстановить пароль.
2;при попытки подтвердить номер, смс не приходит
3;Не определяется флешка
2;из-за переезда поменялся ip, меня блокирует в приложение
2;Быстрая кнопка возвращения в главное меню при возникновении какой либо проблемы
2;Не могу зарегистрироваться: ввёл логин и пароль, но они не сохраняются и аккаует не создаётся. 
2;Исправьте проблему, не сворачивается окно ПО
3;Не включается сканер
2;Смените почтовый ящик, привязанный к этому аккаунту. 
2;Сменить пароль от  маил ру и одноклассники
2;Хотелось бы иметь возможность задействовать электронную почту при отправлении сообщений. 
2;Смените , пожалуйста, логин пользователя, т.к. я вышла замуж и теперь другая фамилия
2;Перестала запускаться программа сканера
2;не открывается почта, раньше работала
2;Очередь печати заполнена, не работает сервис
2;Потерял доступ к аккаунту 
2;Все пошло не так, после ввода пароля вылетает 
2;я бы хотел сменить полные данные от своей страницы
2;при запуске программы выходит иконка
2;вылетела программа и не открывается, что можно сделать?
2;Не доступен сервер
2;Настройки профиля не отображаются
2;Настройки профиля недоступны
2;Перезагрузка сайта
2;Сохранение пароля
3;Не включается принтер
3;Не определяется флешка
3;Не включается принтер
2;У сожаление, не отображается страница, устраните ошибку 
2;Не прикрепляется файл при отправке сообщений
2;Не получается авторизоваться, хочу сменить пароль
2;Не могу зайти в общий документ, у которого свободный доступ
2;Не открывается ссылка 
2;Дата в календаре неправильна , и из за этого не работает программа, как устранить проблему ?
2;Добавьте, пожалуйста, расписание экзаменов и зачетов 
2;На сайте данные обновляются с большой задержкой
2;При нажатии на ссылку закрывается диалоговое окно, как решить эту проблему ?
2;Вчера добавил новость на свой профиль, сегодня она пропала у всех, исправьте пожалуйста
2;Создание бекаплв базы данных
2;Не запускается программа
3;Не определяется флешка
2;Не определяется сеть
2;исключите мой аккаунт из общей рассылки
2;можете поменять пароль на моём аккаунте, я забыл свой старый
2;не могли бы вы отсортировать скриншоты, фотки экрана и картинки от обычных фоток в галерее
2;Обновите ПО на системах управления освещением
2;Проверьте работоспособность всех функций программного обеспечения
2;Обновите пароли всем пользователям нашей компании которые используют ваш сервис, в целях безопасности
2;Не запускается фотошоп после обновления
3;Не включается принтер
3;Не включается принтер
3;Не определяется USB разъем
2;После установки не дает возможности регистрации и ввода имеющегося пользователя. Пишет, что проблемы с подключение к сети. Другие программы в интернет заходят. Проблем с интернетом нет. Что можно сделать, чтобы исправить
2;Звонки, не работают ни при исходящем, ни при входящем вызове. Переустановка приложения ничего не изменила. 
2;почему ссылка на сайт перестала работать?
2;Не работает видео звонок. Не вижу собеседника и нет звука вообще. Тест эхо тоже не работает. Настройки телефона проверила,все в порядке
2;Перестали работать звонки с телефона. Захожу в звонок, вижу участников, время идёт, но звука нет, меня в звонке другие тоже не видят.
2;меня взломали, не могу получить доступ к свой учетной записи, вот мои данные ...
2;не приходит код авторизации на телефон
2;Откройте доступ к данным с аккаунта только моим друзьям
2;исключите мой аккаунт из общей рассылки
3;Не определяется флешка
3;Не определяется USB разъем
3;Не определяется сетевая карта
3;Не включается принтер
2;не корректно отображается время на сайте (не для моего часового пояса)
2;не могу зайти с телефона, сайт не открывается
3;Не включается принтер
2;не приходит сообщение для подтверждения личности на указанную мною почту
2;ошибка 404 периодически вылезает при загрузке сайта
2;хотел бы сменить пароль для доступа к моим файлам, для безопасности
2;пожалуйста, можете создать мне аккаунт, я дам вам все необходимые данные
2;можете прислать мне ссылку на мой профиль, чтобы я скинул её другу?
2;удалите определённого человека из списка моих другей
2;я изменил почту, так как прошлую взломали, куда мне написать новую, чтобы получать уведомления?
2;очистите весь список моих друзей, я создаю новый аккаунт
2;как удалить пользователя из группы, я не могу найти эту кнопку
2;После обновления ПО, не могу вести логин, пишет что неправильно, как решить данную проблему ?
2;Не работает ссылка на сайт 
2;как добавить автоответчик в игнор?
3;Не работает принтер
2;слетела вёрстка шаблона печатной формы
2;Восстанавливал пароль нажал на кнопку войти через vk. теперь просят зарегаться по новой. Как вернуть старую почту?
2;Помогите удалить профиль на вашем сайте, не могу найти данную кнопку, срочно
2;Нужно исправить данные в моем профиле, т.к. сменил паспорт
2;Помогите с проблемой запуска программы, запуск с помощью администратора не помогает, выходит ошибка «недостаточно прав»
2;Нужно срочно поменять пароль при входе в Windows, как это сделать?
2;Как поменять языковую раскладку на клавиатуре, помогите срочно
2;Помогите исправить ошибку «неверный путь или коренной раздел»
2;Дома почта работает исправно и ОЧЕНЬ давно. Хотел продублировать на рабочем компьютере, но выяснилось, что напрочь забыл пароль и ответ на вопрос. Как быть?
2;не выводит страницу авторизации при нажатии на после ввода логина и пароля ничего не происходит, пропадает окно авторизации, но на свой профиль я не попадаю
2;не приходят уведомления о сообщениях от друзей и прочие
2;не получается зайти на главную страницу сайта, долго грузит
2;дайте мне полные права администратора своей страницы и всех групп, которые я создал
2;как отфильтровать сообщения по дате?
3;Не включается принтер
2;как отключить автозапуск вашего приложения?
2;Где можно скачать полную версию вашего приложения со всеми функциями
2;почему мне не приходят  уведомления с сайтов, на которых я оставлял свою почту?
2;как запретить сайтам присылать уведомления?
2;на вашем сайте у меня сохранились данные для входа, я ничего не менял, однако при входе пишет, что данные неверные
2;я нажал сброс настроек, как вернуть назад с моими настройками
2;видео не воспроизводится а загружается на компьютер
2;как установить расширения браузера?
2;Прошу предоставить доступ к отправлению преподавателям сообщений не только по предоставленной платформе, но и по почте
2;Прошу сделать запуск программы доступным без введения пороля, сразу помле нажатия иконки платформы (пароль от платформы был заранее сохранен) 
2;Нужно поменять пароль от учтённой запси на рабочем компьютере
2;Нужно настроить доступ к учтённой записи
2;Нужно поменять фон рабочего стола на рабочем компьютере
2;Нужно изменить имя пользователя на новом компьютере
2;Нужно восстановить пароль от учтённой записи на рабочем компьютере
3;Нужно устранить шум из системного блока
3; Сильно шумит вентилятор
3;Не работает мышка
3;Не работает клавиатура
3;Не работает монитор
3;Не работает тачпад
3;Не работает цифровая клавиатура
3;Не работает питание ноутбука
3;Не работает камера
3;Мой принтер не работает после перезагрузки системы
3;У меня не работает принтер
3;Не работает принтер
3;Не работает проектор
3;Не работает сканер
3;Не работает принтер для печати квитанций
2;Нужно решить проблему с нагрузкой на жёсткий диск
2;Нужно ускорить быстродействие запуска системы
2;Нужно сохранить резервную копию системы на случай фатальной ошибки
2;Нужно поменять пароль Wi-Fi
2;Необходимо пройти тест на психологическое самочувствие
2;Нужно сменить пароль учетной записи
2;Необходимо переустановить программу
2;Не удается авторизоваться на сайте
2;Как мне поменять пароль, если я потерял доступ к номеру телефона?
2;Нужно изменить учетные данные аккаунта
2;Необходимо создать новую учетную запись
3;Не работает камера
2;Нужно добавить некоторые данные в учетную запись
2;Надо пройти тест на профориентацию 
2;Необходимо взломать программу и продлить пробный период
2;Не запускается средство диагностики сети
2;Не открывается файл, который был мне прислан.
2;Не открывается сообщение, которое было мне прислано.
2;Не могу войти на свою страну в бб.
2;Не заграждается картинка.
2;Не открывается моя страница с личными данными.
2;Некорректная работа службы по смене пароля
2;Восстановление авторизации при вылете
2;Не приходят коды подтверждения 
2;Добавление возможности аутентификации по почте и по логину
2;Не включается программа из-за ошибки 449
2;Функция восстановление пароль, хотя бы по паспорту или тд 
2;Долго заграждается ссылка или выдаёт ошибку.
2;Не открывается документ
2;не подключается к сети
2;Надо поменять имя
3;Не работает клавиатура
2;Не открывается моя личная страница.
2;измените информацию о статусе аккаунта
2;Надо сменить логин
2;Автоматически устранять ошибки при их выявлении.
2;После обновления приложения не заходит в личный кабинет
3;не работает клавиатура
3;не подключается к серверу
3;При принятии видеозвонка ничего не происходит, черный экран и отсутствие звука
2;Не открывается окно настроек в Linux
2;Обновление пароля от личного кабинета каждые 14 дней
2;Кнопка быстрого заполнения форм для однообразных полей
2;Некоторые функции чата недоступны.
2;Сменить логин или почту аккаунта
2;Не работают видеозвонки в приложении,звук есть,а видео отсутствует 
2;надо сменить фотографию 
2;Не логинится в приложение
3;Не работает мышь
2;Ошибка доступа к приложению
2;Не работают аудиозвонки в приложении
2;Проверьте работоспособность приложения
2;Проверьте работоспособность сайта
2;При видеозвонке черный экран, но есть звук, решите проблему
2;проблемы с оплатой, не приходит смс
2;перезагружается программа
3;Не включается принтер
2;не запускается приложение
2;верните деньги за приложение
2;не запускается сервер
2;надо сменить аватар
2;забыл пароль
2;Надо сменить фамилию пользователя
2;не запускается видео
2;не работает обратная связь
2;не открывается меню
3;Не работает мышка
2;Личный профиль с более удобным интерфейсом 
2;Быстрый запуск нужных для работы программ во время запуска системы.
2;Забыл пароль и секретные вопросы от компьютера, имя компьютера: Котяра MAC:50:46:5D:6E:8C:20
2;При запуске программы visual studio происходит вылет с выдачей ошибки:DLL не удалось зарегистрировать
2;Программа fasm assambler работает не корректно, частые вылеты без ошибок.
2;Установленный менеджер на компьютере часто вылетает, а так же зависает.
2;При запуске adobe photoshop выходит: запуск программы не возможен, она уже открыта.
2;Забыл пароль от своего пк так же как и секретный вопрос, просьба помочь со сменой пароль.
2;При запуске программы выходит ошибка, Dll файл не найден
2;Подключение к роутеру не возможно ,пишет что введет не верный пароль 
2;как поменять разрешение скачиваемого изображения?
2;как отключить рекламу на всех сайтах, она уже везде?
2;как убавить громкость видео, не могу найти ползунок для этого
2;как посмотреть историю посещённых мною страниц и сайтов?
2;где мне посмотреть все скаченные мною файлы?
2;я случайно выключил звук на вкладке, как его вернуть?
2;как я могу добавить сайт в панель быстрого доступа?
2;у меня сбилось время на компьютере, как это исправить?
2;как мне войти на свой аккаунт, если он заблокирован?
2;Мне нужно сменить информацию о себе
2;Хочу сменить свой пароль
2;Не могу запустить главное меню
2;Поменять личные данные
3;Не работает мышка
2;У меня не запускается настройка сайта
2;Не могу запустить онлайн конференцию
2;Не  отображается личная информация
2;Не могу запустить обновление данных аккаунта
2;Не могу в нести данные в личный кабинет 
2;Не могу запустить раздел оценками
2;Не могу скопировать и оправить адрес сайта
2;Не отправляется сообщение 
2;Мне нужно поменять имя в аккаунте
2;На сайте не запускается видео
2;Надо внести изменения в данные
2;Не могу изменить данные своих курсов
2;ОШИБКА ПРИ ЗАПУСКЕ ПРИЛОЖЕНИЯ 0XC000007B 
2;удалите пожалуйста дубли моего аккаунта, так получилось что я зарегистрировался в приложении пару раз, потому что забыл пароль.
2;мой аккаунт не подключен к системе электронных библиотек, подключите пожалуйста
2;В группе стоит запрет на сообщения и обмен документами, прошу снять запрет
2;Прошу в целях безопасности обновлять пароли для всех аккаунтов компании каждые 3 месяца
1;Нужна кнопка для сохранения по умолчанию карты
1;Добавьте в приложение автозаполнение данных владельца карты
1;Добавьте в приложение автозаполнение номера карты
1;Добавьте в приложение автозаполнение адреса проживания по старым квитанциям
1;Добавьте кнопку заблокировать сеанс на время
3;Не работает на клавиатуре пробел
3;Не работает на клавиатуре ентер
3;Не работает клавиатура
3;Не работает мышка
3;Не работает мышь
3;Не работает камера
3;Перестала работать на клавиатуре клавиша пробел
3;Перестала работать камера после отключения
3;Перестал работать принтер после отключения электричества
3;Не работает камера после включения системы
3;Перестала работать мышка
3;Шнур питания работает только в некоторых положениях
3;Не работает камера после аварийного отключения
3;Не работает камера после перезагрузки системы
3;Не работает микрофон после аварийного отключения
3;Не работает микрофон после перезагрузки системы
2;Не работает микрофон после установки драйверов
3;Не включается сканер
3;Не включается принтер после перезагрузки систем