,Название,Разрешение,класс;
0,Требуется доступ к Ethernet ,пожалуйста, подключите кабель локальной сети к красному порту на вашей рабочей станции. Пожалуйста,напишите ЕМУ, если вы не можете получить IP-адреса, 41;
"1,Создайте новую учетную запись и поделитесь именем пользователя и паролем"", Перейдите по адресу : accountsetup.com, Введите личные данные вместе с идентификатором пользователя, введите полученный OTP, нажмите кнопку Готово. Проверьте электронную почту для получения подробной информации"", 35";
"2,FW: Проблема входа в Myspace -- Ania,""Перейдите по URL : password.reset.com, Введите свой логин, введите полученный пароль, сбросьте пароль"",36";
"3,Учетные данные для входа не работают.""Перейдите по URL : password.reset.com, Введите свой логин, введите полученный пароль, сбросьте пароль"",36";
"4,Для нового участника требуется новая учетная запись.""Перейдите по адресу : accountsetup.com, Введите личные данные вместе с идентификатором пользователя, введите полученный ответ, нажмите кнопку Готово. Проверьте электронную почту для получения подробной информации"", 35";
5,Запрос на настройку системы для обмена ею между пользователями,они не смогут получить доступ к другим профилям, если войдут в систему со своей учетной записью. Пожалуйста,попросите пользователей обратиться к НЕМУ, если у них возникнут какие-либо проблемы., 46;
"6,Требуется разрешение доступа Wi-Fi к ноутбуку:""Сначала подключите сетевой кабель к ноутбуку к красному порту на вашей рабочей станции. Запустите ipconfig /all в командной строке. Поделитесь Mac-адресом Wi-Fi или аппаратным адресом с ИТ-командой. Затем ИТ-команда добавляет ваш MAC-идентификатор для включения доступа к Wi-Fi"",34";
7,Локальная сеть не работает в виртуальной машине,изменил настройки сети на подключенную и настроенную сеть в виртуальной машине.,49;
"8,Необходим доступ к Wi-Fi.,""Во-первых, подключите сетевой кабель к ноутбуку к красному порту на рабочей станции. Запустите ipconfig /all в командной строке. Поделитесь Mac-адресом Wi-Fi или аппаратным адресом с ИТ-командой. Затем ИТ-команда добавляет ваш MAC-идентификатор для включения доступа к Wi-Fi"",34";
9,Мое приложение для контроля качества пространства не работает,мы сожалеем о вызванном несоответствии. Проблема связана с хост-сервером,который был перезагружен из-за сбоя питания., 48;
10,Настройте outlook в моей системе,ИТ-команда отправила инструкции по настройке outlook-следуйте инструкциям на https://ticket.abc.com/kb/faq.phpB и нажмите O365 и решение,а затем конфигурация Outlook для ваших машин, 39;
"11,Установите базу данных postgres на мою машину,""Перейдите в папку \imfs\software\postgres, скопируйте базу данных postgresql в локальную и установите"",37";
"12,Система показывает синий экран при запуске,""1. Удерживайте кнопку питания до тех пор, пока система не выключится, затем нажмите кнопку питания, чтобы загрузить машину. Если все еще появляется синий экран,свяжитесь с ИТ-командой и отдайте ноутбук"", 32.";
"13,Рабочий стол не работает,""Пожалуйста , проверьте,правильно ли подключены кабели питания, пожалуйста, напишите нам, если проблема все еще сохраняется"", 40.";
"14,""Система ведет себя странно, посередине появляется синий экран"",""Нажмите кнопку F8 при запуске системы, выберите безопасный режим, если ОС загружается, затем перезагрузите ОС,если возникнет та же проблема, передайте ее ИТ-команде"", 45";
"15,Мой интернет не работает,""Перейдите на вкладку""Сеть"" в правом нижнем углу, выберите сеть inn001, нажмите ""Подключиться"", 38";
"16,""Учетная запись заблокирована из-за 3 неправильных попыток ввода пароля. Не могли бы вы сбросить пароль"",учетная запись разблокирована, и новый пароль будет отправлен на ваш идентификатор электронной почты.,47";
"17,Система зависает с синим экраном при запуске,""Нажмите кнопку F8 при запуске системы, выберите безопасный режим, если ОС загружается, затем перезагрузите ОС,если возникнет та же проблема, передайте ее ИТ-команде"", 45";
"18,Не удается подключиться к Интернету,""Перейдите на вкладку сеть в правом нижнем углу, выберите сеть inn001, нажмите""Подключиться"", 38";
"19,Проблема с сетью/Интернетом с Wi-Fi xwq090,""Перейдите на вкладку""Сеть"" в правом нижнем углу, выберите сеть inn001, нажмите ""Подключиться"", 38";
20,Замените батарею для моего ноутбука Macbook,пожалуйста, запустите тест батареи и отправьте нам результаты, которые ИТ-команда сделает соответствующим образом. Пожалуйста, следуйте инструкциям, чтобы установить аккумуляторную батарею https://ticket.abc.com/kb/faq.phpB Проблема с оборудованием-Проблема с батареей,44;
21,Компьютер не включается,Обратитесь в службу поддержки ИТ.,33;
"22,""Забыл пароль, не могли бы вы, пожалуйста, сбросить пароль для меня."",""Перейдите по адресу : password.reset.com, Введите свой логин, введите полученный пароль, сбросьте пароль"",36";
"23,Истечение срока действия пароля MySpace"", Пожалуйста, сбросьте пароль с помощью портала самообслуживания http://ssp.abc.com, Пожалуйста,напишите нам, если у вас возникнут какие-либо проблемы"", 43.";
24,установите MS office,пожалуйста,войдите в веб-почту и перейдите в раздел настройки-office 365 - установка приложений-загрузка и установка MS office для вашей машины., 42;
"25,Срок действия пароля истек.,""Перейдите по URL : password.reset.com, Введите свой логин, введите полученный пароль, сбросьте пароль"",36";
26,Учетная запись заблокирована. Не удается войти в систему,учетная запись разблокирована и на ваш электронный идентификатор высылается новый пароль.,47;
"27,Допускаются ли пробелы в адресах электронной почты?"", "" Так же, как и в URL-адресе Интернета, пробелы в адресе электронной почты не допускаются. Однако имена могут быть разделены с помощью точки";" например, у Джона Смита может быть адрес электронной почты: john.smith@example.com или john.s@example.com потому что в адресе электронной почты не допускается пробелов"",12."
"28,Может ли вирус повредить компьютерное оборудование?,"" Нет. Компьютерные вирусы-это программный код, предназначенный для распространения на компьютерные файлы и другие компьютеры, удаления файлов и возникновения других проблем с данными на компьютере. Поэтому, если у вас возникли проблемы с аппаратным устройством, таким как принтер, видеокарта, звуковая карта и т. Д. это не связано с вирусом"", 16";
29,Поставляется ли Windows с программой защиты от вирусов?, Все версии Microsoft Windows не поставляются с предварительно установленной программой защиты от вирусов. Это включает в себя: Microsoft Windows 7 и Windows 10.,1.;
"30,Как я могу очистить клавиатуру?,"" Клавиши на клавиатуре только защелкиваются, ножом или другим тонким предметом осторожно вынимайте клавиши, это позволит вам чистить под клавишами, а также чистить сами клавиши (убедитесь,что вы помните, куда они делись!)"", 20.";
"31,Как я могу восстановить файл из корзины?"", Дважды щелкните значок корзины на рабочем столе, здесь вы увидите все файлы в корзине. Выберите файлы, которые вы хотите восстановить,щелкните правой кнопкой мыши и выберите""Восстановить""., 5";
"32,Как я могу обновить свой компьютер с Microsoft Windows?,"" Если вы используете Microsoft Windows 7, Windows 10 или более позднюю версию Microsoft Windows, вы имеете право обновлять Microsoft Windows, а в некоторых случаях и ваше компьютерное оборудование последними драйверами через сайт обновлений Microsoft, посетите http://windowsupdate.microsoft.com. В большинстве случаев ваш компьютер должен быть настроен на автоматическое обновление при появлении нового обновления"",9.";
"33,Как удалить файлы cookie Интернета?"", ""Пользователи Microsoft Internet Explorer могут перейти в раздел ""Инструменты"" (или значок маленькой шестеренки в левом верхнем углу), затем перейти в раздел ""Безопасность"" и выбрать "" Удалить историю просмотров..."", затем вы можете удалить свои файлы cookie Интернета. В Google Chrome перейдите в раздел ""Дополнительные инструменты""и выберите"" Очистить данные браузера..."". Пользователи Firefox могут перейти в раздел ""История"", а затем выбрать "" Очистить недавнюю историю..."""", 15";
"34,Как я могу определить имя своего компьютера?"","" Щелкните правой кнопкой мыши мой компьютер. Нажмите кнопку Свойства. В окне Свойства перейдите на вкладку Имя компьютера. На этой вкладке вы сможете увидеть полное имя компьютера, рабочую группу, а также описание. Если вы хотите изменить имя или рабочую группу, нажмите кнопку Изменить"",18.";
35,Как устранить замятие бумаги?, Выключите принтер. Проверьте расположение или лоток, в который выбрасывается напечатанная бумага. Если видна прилипшая бумага, удалите ее вручную. Удалите все лотки для бумаги и любую бумагу, которая может застрять между лотком и принтером. Если видна прилипшая бумага, удалите ее вручную. Откройте дверцу принтера, через которую можно получить доступ к картриджам или тонеру принтера, и найдите любую застрявшую бумагу. Если видна прилипшая бумага, удалите ее вручную. Снова включите принтер.,24;
"36,Как перейти в безопасный режим?,"" Чтобы перейти в безопасный режим Windows 7/10, при запуске компьютера нажмите и удерживайте клавишу """"F8"""", которая должна вызвать """"Меню дополнительных параметров Windows"""". Используйте клавиши со стрелками для перехода в ""Безопасный режим""и нажмите клавишу ввода"", 22.";
"37,Как сопоставить сетевой диск?"", Откройте Microsoft Explorer. В Проводнике выберите раскрывающееся меню ""Сервис""и выберите опцию"" Сопоставить сетевой диск"". В качестве папки укажите сетевой диск или сетевой компьютер. Если имя компьютера было hope, для сопоставления с этим компьютером введите \\hope Если вы хотите сопоставить общую папку на компьютере hope, например папку mp3, вы должны ввести \\hope\mp3. Если для подключения к этому компьютеру или диску требуется другое имя пользователя или логин,его необходимо указать в этом окне до нажатия кнопки""Готово"""", 17.";
"38,Я не могу отправлять или получать электронную почту?"", Убедитесь, что ваш компьютер может видеть Интернет и/или другие компьютеры, чтобы убедиться, что у вашего компьютера не возникает проблем с подключением, которые могли бы вызвать проблемы с вашей электронной почтой. Убедитесь,что ваш сервер электронной почты в Интернете или Сетевой сервер электронной почты не сталкиваются с проблемами, связавшись с вашим интернет-провайдером или сетевым администратором"", 29.";
"39,Я больше не могу подключиться к своему сетевому диску?"", "" Убедитесь, что сетевой кабель правильно подключен к задней панели компьютера. Кроме того, при проверке подключения сетевого кабеля убедитесь, что светодиоды в сети горят правильно. Например, сетевая карта со сплошным зеленым светодиодом или лампочкой обычно указывает на то, что карта либо подключена, либо принимает сигнал. Примечание: как правило, когда мигает зеленый индикатор, это указывает на отправку или получение данных"",28.";
"40,Я не могу удалить файл, потому что он используется Windows?"", Закройте все программы, запущенные на компьютере, и повторите попытку. Если после закрытия всех программ, запущенных на компьютере,вы все еще сталкиваетесь с той же проблемой при попытке удалить файлы, загрузите компьютер в безопасный режим и удалите файлы"", 4.";
"41,Я не могу получать вложения электронной почты?"", "" Если в почтовом ящике полно других сообщений электронной почты, и/или ваше пространство для хранения составляет всего несколько мегабайт, возможно, отправленное вложение не может быть получено. Часто, если возникает эта проблема, человек, отправляющий электронное письмо, должен получить ответ с вашего почтового сервера, указывающий, что ваш почтовый ящик заполнен и/или превысил выделенный размер. Поскольку компьютерные вирусы и другие вредоносные программы лучше всего распространяются по электронной почте, многие поставщики услуг электронной почты, компании и почтовые программы предотвращают распространение или получение определенных типов расширений файлов по электронной почте. Например, Microsoft Outlook защищает своих пользователей,автоматически отключая получение по электронной почте определенных типов расширений файлов"", 7.";
"42,""Я получаю сообщение"" вход сигнала отсутствует"", что мне делать?"", "" Убедитесь, что монитор правильно подключен к задней панели монитора, а также к задней панели компьютера. Если монитор подключен правильно, убедитесь, что кабель не ослаблен, отсоединив все кабели, которые можно отсоединить на задней панели монитора (как правило, кабель передачи данных отсоединить невозможно). Затем отсоедините кабель для передачи данных, подключенный к задней панели компьютера, а затем снова подключите кабель. При подключении кабеля в задней части компьютера убедитесь, что кабельное соединение плотно. У большинства компьютеров также будут винтовые концы,которые можно вкрутить, чтобы удерживать разъем на месте"", 27.";
"43,""Я потерял установочный диск принтера, как я могу установить принтер?"", К счастью, отсутствующий установочный диск принтера или диск не является концом света и не потребует от вас ждать, пока вам не будет отправлена новая дискета или компакт-диск. Сегодня все производители принтеров и другого оборудования загружают через Интернет свои программные программы и драйверы,которые входят в комплект их продукции., 19";
"44,Если я отформатирую или сотру свой жесткий диск, он удалит вирус?,"" Если ваш компьютер заражен вирусом, форматирование или стирание жесткого диска и запуск с нуля почти всегда приведет к удалению любого типа вирусов. Однако имейте в виду, что если были сделаны резервные копии, содержащие вирус, на других носителях или дисках, подключенных к компьютеру,есть вирус, ваш компьютер подключен к другому компьютеру по сети с вирусом и/или вирус хранится на каком-либо другом типе программного обеспечения, которое вы используете на своем компьютере, он может быть повторно заражен, если не будет должным образом защищен"", 11";
45,Безопасно ли выключать компьютер с Windows без выключения? пользователи не должны просто нажимать кнопку питания или перезагружать компьютер во время работы Windows, если только с компьютером не возникли проблемы. Корпорация Майкрософт включила функцию выключения, поскольку она позволяет компьютеру выполнить все необходимые действия, необходимые перед выключением компьютера. На самом деле многие версии Microsoft Windows будут проверять компьютер на наличие каких-либо проблем,если компьютер не выключен должным образом., 25;
"46,Мой компьютер не включается?"", "" Убедитесь, что все кабели надежно подключены к задней панели устройства и монитору. Убедитесь, что кабели питания подключены к розетке питания и розетка включена. Попробуйте использовать другую розетку питания или, если вы используете удлинитель питания, подключите кабель питания непосредственно к розетке питания в стене. Замените кабель питания на тот, который, как вы знаете, работает. Проверьте, горит ли какой-либо свет на передней панели устройства: если на устройстве горит свет, но нет монитора, то, вероятно, это проблема с монитором. Если на мониторе горит свет, но не на машине, то, вероятно, это проблема с машиной. Если ни на чем нет света, то, возможно, есть локальное отключение электроэнергии. С ноутбуками попробуйте отсоединить кабель питания и аккумулятор. Удерживайте нажатой кнопку питания около десяти секунд, а затем снова подключите аккумулятор и кабель питания. Нажмите кнопку питания,чтобы увидеть, включается ли он"", 3.";
"47,Мой компьютер зависает или ведет себя странно?,"" Попробуйте перезагрузить компьютер. Таким образом, многие основные проблемы могут быть решены легко и быстро. Одновременно нажмите клавиши Ctrl, Alt и Del на клавиатуре. При этом должно появиться меню, которое позволит вам запустить Диспетчер задач. В диспетчере задач перейдите на вкладку Приложения. Выделите все программы со статусом ""Не отвечает"" и выберите Завершить задачу. Вас могут попросить подтвердить, хотите ли вы завершить работу программы, не отвечающей на запросы, поэтому выберите ""Да"". Сделайте это для всех программ, которые не отвечают. Если все остальное не удается и вы не можете выключить/перезагрузить компьютер, затем удерживайте нажатой кнопку питания на устройстве до тех пор, пока оно принудительно не выключится. Подождите несколько секунд,а затем снова включите его"", 23.";
"48,""Мой компьютер не включается, что мне теперь делать?"","" Сначала проверьте шнур питания компьютера, чтобы убедиться, что он полностью подключен к розетке. Если вы используете штекерную полоску, убедитесь, что она полностью подключена к розетке и что выключатель питания на штекерной полосе включен. Некоторые штекерные планки также имеют встроенный автоматический выключатель, который обычно выглядит как черная или красная кнопка рядом с выключателем питания. Нажмите кнопку,чтобы сбросить его, и посмотрите, решит ли это проблему"", 6.";
"49,Мой принтер печатает смазанные/искаженные страницы?"" При печати на нетрадиционной бумаге на вашем принтере могут появляться пятна, неровный или неровный текст и/или текст, который стекает с краев бумаги. Принтер может печатать нечеткий, размытый и/или другой нечеткий текст из-за грязных печатающих головок. Все современные принтеры имеют определенный тип очистки принтера, режим самопроверки и/или диагностики, который может быть выполнен для проверки и очистки печатающих головок принтеров и другого внутреннего оборудования,используемого для печати"", 30.";
"50,На мониторе ничего не отображается?"", "" Убедитесь, что компьютер и монитор включены. Убедитесь, что монитор надежно подключен к компьютеру. Убедитесь, что кабель питания надежно подключен к монитору. Некоторые компьютеры имеют несколько портов отображения, поэтому убедитесь, что монитор подключен правильно. Попробуйте каждый по очереди, выключая монитор, а затем включайте его между ходами. На большинстве мониторов при его включении отображается окно состояния. Проверьте, отображается ли это окно состояния при нажатии кнопки питания на мониторе. Вы также можете попробовать это с помощью кнопки меню на мониторе, которая должна вывести на экран меню опций. Это показывает, что экран работает нормально, так что это может быть проблема с видеокабелем от монитора или самой машины. Проверьте уровни яркости и контрастности монитора с помощью кнопки меню, чтобы убедиться, что он не был установлен слишком темным. Переместите мышь и нажмите любую клавишу на клавиатуре, чтобы убедиться, что заставка не активирована или что компьютер не перешел в режим ожидания/гибернации.  "",13";
"51,""Колесо на моей мыши работает неправильно, что мне делать?"","" Если вы используете любую версию Microsoft Windows и сталкиваетесь с проблемами с колесом мыши, сначала попытайтесь настроить параметры мыши через окно Свойств мыши. Доступ к этому окну можно получить,открыв панель управления и дважды щелкнув значок мыши"", 10.";
"52,""На моем экране есть черные границы, что мне делать?"","" Если разрешение было недавно изменено, возможно, монитор не будет автоматически настраиваться или смещаться до нужного размера. В этом случае разрешение можно изменить на исходное или настроить монитор вручную. Если на мониторе имеется черная граница, ее, как правило, можно устранить, вручную отрегулировав ширину по горизонтали или вертикали. Поскольку каждый монитор отличается, метод настройки этого параметра будет отличаться";" обратитесь к документации вашего монитора."",8"
"53,""На мониторе нет дисплея, что мне теперь делать?"","" Убедитесь, что монитор включен. Если на дисплее монитора не отображается индикатор питания (зеленый или оранжевый), попробуйте нажать кнопку питания, пока она не загорится. Если монитор вашего компьютера был включен, и вы отошли от компьютера, а по возвращении он был черным, вполне вероятно, что компьютер спит. Попробуйте переместить мышь, нажать кнопки мыши и/или нажать любую клавишу (пробел) на клавиатуре, чтобы разбудить ее. Убедитесь,что монитор правильно подключен к задней панели компьютера"", 14.";
"54,Что мне делать, если мой жесткий диск не работает?"", Как и в случае большинства компьютерных ошибок, ваш первый шаг-выключить компьютер и перезагрузить его. Это поможет вам определить, действительно ли у вас проблема с жестким диском. Если диск серьезно поврежден, то ваш компьютер, вероятно, не сможет перезагрузиться должным образом. Если это так, то обратитесь в MCWare IT Solutions,это работа для профессионалов"", 2.";
"55,Что мне делать, если изображение на экране искажено или искажено?"" Вы можете получить искаженное изображение, когда кабель ослаблен или поврежден. Отсоедините видеокабель, идущий от задней панели компьютера, и убедитесь, что контакты не погнуты, не обгорели или не сломаны. После проверки снова подключите кабель монитора. Если частота обновления установлена неправильно, монитор может иметь волнистый вид или выглядеть так, будто линии медленно или быстро проходят вниз или поперек монитора, это также может вызвать эффект мерцания. Искаженное изображение может быть вызвано магнитными или другими видами помех. Убедитесь, что рядом с монитором нет динамиков,вентиляторов или других магнитных устройств"", 31.";
"56,Что мне делать, когда мой компьютер выходит из строя?,"" Существует множество причин, по которым компьютер может просто перестать работать или ""зависнуть"""". В большинстве случаев мы мало что можем с этим поделать, это факт жизни, что компьютерные программы стали настолько сложными, что иногда пользователи будут испытывать проблемы даже при выполнении обычных задач. Когда ваш компьютер больше не реагирует на команды клавиатуры,вам лучше всего перезагрузить компьютер"", 21.";
"57,Что такое компьютерный вирус?,"" Компьютерный вирус-это программное обеспечение, которое было намеренно создано, чтобы причинить горе пользователю, распространиться на другие компьютеры или уничтожить данные на компьютере человека. Чтобы предотвратить заражение компьютера вирусом, разработчики программного обеспечения разработали антивирусные программы, которые остаются активными на компьютере и помогают защитить его. Важно понимать, что многие компьютеры не поставляются предварительно загруженными с уже установленными и что,если компьютеры поставляются с этими программами, срок действия программ может истечь в течение 90 дней"", 0";
58,Почему моя мышь действует беспорядочно?, Пользователи, у которых есть оптическая механическая мышь (наиболее распространенная мышь для настольных компьютеров), вероятно, испытывают беспорядочное поведение, потому что мышь не чистая или грязная. Если вы почистили мышь и продолжаете сталкиваться с проблемами, и эта мышь в прошлом работала нормально, к сожалению, ваша мышь, скорее всего, неисправна. Один дополнительный тест, который можно выполнить, чтобы помочь определить, так это или нет, - это подключить мышь к другому компьютеру. В противном случае мы предлагаем заменить мышь.,26;
"59,Для нового клиента требуется новая учетная запись.,""Перейдите по ссылке : accountsetup.com, Введите личные данные вместе с идентификатором пользователя, введите полученный ответ, нажмите кнопку Готово. Проверьте электронную почту для получения подробной информации"", 35";
"60,Разрешены ли пробелы в адресах электронной почты?"", Точно так же, как в URL-адресе в Интернете, в адресе электронной почты не допускаются пробелы. Однако имена могут быть разделены с помощью точки";" например, у Джона Смита может быть адрес электронной почты: john.smith@example.com или john.s@example.com потому что в адресе электронной почты не допускается пробелов"",12."
61,Заблокированный аккаунт. Невозможно подключиться,учетная запись разблокирована, и новый пароль отправляется на ваш электронный идентификатор.,47;
"62,Может ли вирус повредить компьютерное оборудование?"", "" Нет. Компьютерные вирусы-это программный код, предназначенный для распространения на компьютерные файлы и другие компьютеры, удаления файлов и возникновения других проблем с данными на компьютере. Поэтому, если у вас возникли проблемы с аппаратным устройством, таким как принтер, видеокарта, звуковая карта и т. Д. это не связано с вирусом"", 16";
"63,Не удается подключиться к Интернету,""Перейдите на вкладку""Сеть"" в правом нижнем углу, выберите сеть inn001, нажмите ""Подключиться"", 38";
"64,""Compte a Г©tГ© verrouillГ©, Г  cause de 3 mauvaises tentatives os mot de passe. Pourriez-vous rГ©инициализатор le mot de passe?"",Разблокировал учетную запись, и новый пароль будет отправлен на ваш электронный идентификатор.,47";
65,Настройка Outlook в моей системе,ИТ-команда отправила инструкции по настройке Outlook -следуйте инструкциям на сайте. https://ticket.abc.com/kb/faq.phpB и нажмите O365 и решение,а затем конфигурация Outlook для ваших машин, 39;
"66,Создайте новую учетную запись и поделитесь именем пользователя и паролем"", Перейдите по ссылке : accountsetup.com, Введите личные данные вместе с идентификатором пользователя, введите полученный OTP, нажмите кнопку Готово. Проверьте электронную почту для получения подробной информации"", 35";
67,Поставляется ли Windows с программой защиты от вирусов?, Все версии Microsoft Windows не поставляются с предустановленной программой защиты от вирусов. Это включает в себя: Microsoft Windows 7 и Windows 10.,1.;
"68,FW: Проблема с подключением Myspace-- Аня,""Перейдите по URL : password.reset.com, Введите свой логин, введите полученный пароль, сбросьте пароль"",36";
"69,Столкнувшись с проблемой сети / интернета с Wi-Fi xwq090,""Перейдите на вкладку ""Сеть"" в правом нижнем углу, выберите сеть inn001, нажмите ""Подключиться"",38";
"70,""Забытый пароль, не могли бы вы, пожалуйста, сбросить пароль для меня."",""Перейдите по URL : password.reset.com, Введите свой логин, введите полученный пароль, сбросьте пароль"",36";
"71,Как я могу почистить клавиатуру?,"" Клавиши на клавиатуре только защелкиваются, ножом или другим тонким предметом осторожно вынимайте клавиши, это позволит вам чистить под клавишами, а также чистить сами клавиши (убедитесь,что вы помните, куда они делись!)"", 20.";
"72,Как я могу определить имя своего компьютера?"", Щелкните правой кнопкой мыши Мой компьютер. Нажмите кнопку Свойства. В окне Свойства перейдите на вкладку Имя компьютера. На этой вкладке вы сможете увидеть полное имя компьютера, рабочую группу, а также описание. Если вы хотите изменить имя или рабочую группу, нажмите кнопку Изменить"",18.";
"73,Как я могу войти в безопасный режим?,"" Чтобы войти в безопасный режим Windows 7/10, при запуске компьютера нажмите и удерживайте клавишу """"F8"""", которая должна вызвать """"Меню дополнительных параметров Windows"""". Используйте клавиши со стрелками для перехода в ""Безопасный режим""и нажмите клавишу ввода"", 22.";
"74,Как я могу восстановить файл из корзины?"", "" Дважды щелкните значок корзины на рабочем столе, здесь вы увидите все файлы в вашей корзине. Выберите файлы, которые вы хотите восстановить,щелкните правой кнопкой мыши и выберите""Восстановить""., 5";
"75,Как я могу обновить свой компьютер с Microsoft Windows?,"" Если вы используете Microsoft Windows 7, Windows 10 или более позднюю версию Microsoft Windows, вы имеете право обновлять Microsoft Windows, а в некоторых случаях и ваше компьютерное оборудование последними драйверами через сайт обновлений Microsoft, посетите http://windowsupdate.microsoft.com. В большинстве случаев ваш компьютер должен быть настроен на автоматическое обновление при появлении нового обновления"",9.";
"76,Как удалить файлы cookie в Интернете?,"" Пользователи Microsoft Internet Explorer могут перейти в раздел ""Инструменты"" (или значок маленькой шестеренки в левом верхнем углу), затем перейти в раздел ""Безопасность"" и выбрать "" Удалить историю просмотра..."", затем вы можете удалить свои файлы cookie в Интернете. В Google Chrome перейдите в раздел ""Дополнительные инструменты""и выберите"" Очистить данные браузера..."". Пользователи Firefox могут перейти в раздел ""История"", а затем выбрать "" Очистить недавнюю историю..."""", 15";
77,Как устранить замятие бумаги?, Выключите принтер. Проверьте расположение или лоток, в который выбрасывается напечатанная бумага. Если видна прилипшая бумага, удалите ее вручную. Удалите все лотки для бумаги и любую бумагу, которая может застрять между лотком и принтером. Если видна прилипшая бумага, удалите ее вручную. Откройте дверцу принтера, через которую можно получить доступ к картриджам или тонеру принтера, и найдите любую застрявшую бумагу. Если видна прилипшая бумага, удалите ее вручную. Снова включите принтер.,24;
"78,Как сопоставить сетевой диск?"","" Откройте Microsoft Explorer. В Проводнике выберите раскрывающееся меню ""Сервис""и выберите опцию"" Сопоставить сетевой диск"". В качестве папки укажите сетевой диск или сетевой компьютер. Если имя компьютера было hope, для сопоставления с этим компьютером введите \\hope Если вы хотите сопоставить общую папку на компьютере hope, например папку mp3, вы должны ввести \\hope\mp3. Если для подключения к этому компьютеру или диску требуется другое имя пользователя или логин,его необходимо указать в этом окне до нажатия кнопки""Готово"""", 17.";
"79,Я больше не могу подключиться к сетевому диску?"", "" Убедитесь, что сетевой кабель правильно подключен к задней панели компьютера. Кроме того, при проверке подключения сетевого кабеля убедитесь, что светодиоды в сети горят правильно. Например, сетевая карта со сплошным зеленым светодиодом или лампочкой обычно указывает на то, что карта либо подключена, либо принимает сигнал. Примечание: как правило, когда мигает зеленый индикатор, это указывает на отправку или получение данных"",28.";
"80,Я не могу удалить файл, потому что он используется Windows?"", Закройте все программы, запущенные на компьютере, и повторите попытку. Если после закрытия всех программ, запущенных на компьютере,вы все еще сталкиваетесь с той же проблемой при попытке удалить файлы, загрузите компьютер в безопасный режим и удалите файлы"", 4.";
"81,Я не могу получать вложения?"", "" Если почтовый ящик заполнен другими сообщениями электронной почты и/или объем вашего хранилища составляет всего несколько мегабайт, возможно, отправленное вложение не может быть получено. Часто, если возникает эта проблема, человек, отправляющий электронное письмо, должен получить ответ с вашего почтового сервера, указывающий, что ваш почтовый ящик заполнен и/или превысил выделенный размер. Поскольку компьютерные вирусы и другие вредоносные программы лучше всего распространяются по электронной почте, многие поставщики услуг электронной почты, компании и почтовые программы предотвращают распространение или получение определенных типов расширений файлов по электронной почте. Например, Microsoft Outlook защищает своих пользователей,автоматически отключая получение по электронной почте определенных типов расширений файлов"", 7.";
"82,Я не могу отправлять или получать электронную почту?"", "" Убедитесь, что ваш компьютер может видеть Интернет и/или другие компьютеры, чтобы убедиться, что на вашем компьютере не возникает проблема с подключением, которая могла бы вызвать проблему с вашей электронной почтой. Убедитесь,что ваш сервер электронной почты в Интернете или Сетевой сервер электронной почты не сталкиваются с проблемами, связавшись с вашим интернет-провайдером или сетевым администратором"", 29.";
"83,""Я потерял установочный диск принтера, как я могу установить принтер?"", К счастью, отсутствующий установочный диск принтера или диск не является концом света и не потребует от вас ждать, пока вам не будет отправлена новая дискета или компакт-диск. Сегодня все производители принтеров и другого оборудования загружают через Интернет свои программные программы и драйверы,которые входят в комплект их продукции., 19";
"84,""Я получаю сообщение """"вход сигнала отсутствует"""", что мне делать?"","" Убедитесь, что монитор правильно подключен к задней панели монитора, а также к задней панели компьютера. Если монитор подключен правильно, убедитесь, что кабель не ослаблен, отсоединив все кабели, которые можно отсоединить на задней панели монитора (как правило, кабель передачи данных отсоединить невозможно). Затем отсоедините кабель для передачи данных, подключенный к задней панели компьютера, а затем снова подключите кабель. При подключении кабеля в задней части компьютера убедитесь, что кабельное соединение плотно. У большинства компьютеров также будут винтовые концы,которые можно вкрутить, чтобы удерживать разъем на месте"", 27.";
"85,""Если я отформатирую или сотру свой жесткий диск, он удалит вирус?"","" Если ваш компьютер заражен вирусом, форматирование или стирание жесткого диска и повторное запуск почти всегда удалят любой тип вирусов. Однако имейте в виду, что если были сделаны резервные копии, содержащие вирус, на других носителях или дисках, подключенных к компьютеру,есть вирус, ваш компьютер подключен к другому компьютеру по сети с вирусом и/или вирус хранится на каком-либо другом типе программного обеспечения, которое вы используете на своем компьютере, он может быть повторно заражен, если не будет должным образом защищен"", 11";
"86,Установите базу данных postgres на моем компьютере,""Перейдите в папку \imfs\software\postgres, скопируйте базу данных postgresql в локальную и установите"",37";
87.Безопасно ли выключать компьютер с Windows без выключения? пользователи не должны просто нажимать кнопку питания или перезагружать компьютер во время работы Windows,если только с компьютером не возникли проблемы. Корпорация Майкрософт включила функцию выключения, поскольку она позволяет компьютеру выполнить все необходимые действия, необходимые перед выключением компьютера. На самом деле многие версии Microsoft Windows будут проверять компьютер на наличие каких-либо проблем,если компьютер не выключен должным образом., 25;
88,Локальная сеть не работает на виртуальной машине,изменил параметры сети на мостовую и настроил сеть в виртуальной машине.,49;
"89,Учетные данные для входа не работают.,""Перейдите по URL : password.reset.com, Введите свой логин, введите полученный пароль, сбросьте пароль"",36";
"90,Мой интернет не работает,""Перейдите на вкладку""Сеть"" в правом нижнем углу, выберите сеть inn001, нажмите ""Подключиться"", 38";
"91,""Мой компьютер не включается, что мне теперь делать?"","" Сначала проверьте шнур питания компьютера, чтобы убедиться, что он полностью подключен к розетке. Если вы используете штекерную полоску, убедитесь, что она полностью подключена к розетке и что выключатель питания на штекерной полосе включен. Некоторые штекерные планки также имеют встроенный автоматический выключатель, который обычно выглядит как черная или красная кнопка рядом с выключателем питания. Нажмите кнопку,чтобы сбросить его, и посмотрите, решит ли это проблему"", 6.";
"92,мой компьютер не включается?"", Убедитесь, что все кабели надежно подключены к задней панели устройства и монитору. Убедитесь, что кабели питания подключены к розетке питания и розетка включена. Попробуйте использовать другую розетку питания или, если вы используете удлинитель питания, подключите кабель питания непосредственно к розетке питания в стене. Замените кабель питания на тот, который, как вы знаете, работает. Проверьте, горит ли какой-либо свет на передней панели устройства: если на устройстве горит свет, но нет монитора, то, вероятно, это проблема с монитором. Если на мониторе горит свет, но не на машине, то, вероятно, это проблема с машиной. Если ни на чем нет света, то, возможно, есть локальное отключение электроэнергии. С ноутбуками попробуйте отсоединить кабель питания и аккумулятор. Удерживайте нажатой кнопку питания около десяти секунд, а затем снова подключите аккумулятор и кабель питания. Нажмите кнопку питания,чтобы увидеть, включается ли он"", 3.";
"93,Мой компьютер зависает или ведет себя странно?,"" Попробуйте перезагрузить компьютер. Таким образом, многие основные проблемы могут быть решены легко и быстро. Одновременно нажмите клавиши Ctrl, Alt и Del на клавиатуре. При этом должно появиться меню, которое позволит вам запустить Диспетчер задач. В диспетчере задач перейдите на вкладку Приложения. Выделите все программы со статусом ""Не отвечает"" и выберите Завершить задачу. Вас могут попросить подтвердить, хотите ли вы завершить работу программы, не отвечающей на запросы, поэтому выберите ""Да"". Сделайте это для всех программ, которые не отвечают. Если все остальное не удается и вы не можете выключить/перезагрузить компьютер, затем удерживайте нажатой кнопку питания на устройстве до тех пор, пока оно принудительно не выключится. Подождите несколько секунд,а затем снова включите его"", 23.";
"94,""Мое колесо мыши работает неправильно, что мне делать?"","" Если вы используете любую версию Microsoft Windows и сталкиваетесь с проблемами с колесом мыши, сначала попытайтесь настроить параметры мыши через окно Свойств мыши. Доступ к этому окну можно получить,открыв панель управления и дважды щелкнув значок мыши"", 10.";
"95,Мой принтер печатает испачканные / искаженные страницы?"" При печати на нетрадиционной бумаге на принтере могут появляться пятна, неровный или неровный текст и/или текст, который стекает с краев бумаги. Принтер может печатать нечеткий, размытый и/или другой нечеткий текст из-за грязных печатающих головок. Все современные принтеры имеют определенный тип очистки принтера, режим самопроверки и/или диагностики, который может быть выполнен для проверки и очистки печатающих головок принтеров и другого внутреннего оборудования,используемого для печати"", 30.";
"96,Срок действия пароля MySpace:""Пожалуйста, сбросьте пароль, используя портал самообслуживания http://ssp.abc.com, Пожалуйста, напишите нам, если у вас возникнут какие-либо проблемы"",43";
97,Нужен доступ к Ethernet,пожалуйста, подключите кабель локальной сети к красному порту на вашей рабочей станции. Пожалуйста,напишите ЕМУ, если вы не можете получить IP-адреса, 41;
"98,Требуется авторизация доступа Wi-Fi к ноутбуку"", Во-первых, подключите сетевой кабель к ноутбуку к красному порту на рабочей станции. Запустите ipconfig /all в командной строке. Поделитесь Mac-адресом Wi-Fi или аппаратным адресом с ИТ-командой. Затем ИТ-команда добавляет ваш MAC-идентификатор для включения доступа к Wi-Fi"",34";
"99,на мониторе ничего не отображается?"", Убедитесь, что компьютер и монитор включены. Убедитесь, что монитор надежно подключен к компьютеру. Убедитесь, что кабель питания надежно подключен к монитору. Некоторые компьютеры имеют несколько портов отображения, поэтому убедитесь, что монитор подключен правильно. Попробуйте каждый по очереди, выключая монитор, а затем включайте его между ходами. На большинстве мониторов при его включении отображается окно состояния. Проверьте, отображается ли это окно состояния при нажатии кнопки питания на мониторе. Вы также можете попробовать это с помощью кнопки меню на мониторе, которая должна вывести на экран меню опций. Это показывает, что экран работает нормально, так что это может быть проблема с видеокабелем от монитора или самой машины. Проверьте уровни яркости и контрастности монитора с помощью кнопки меню, чтобы убедиться, что он не был установлен слишком темным. Переместите мышь и нажмите любую клавишу на клавиатуре, чтобы убедиться, что заставка не активирована или что компьютер не перешел в режим ожидания/гибернации.  "",13";
"100,Срок действия пароля истек.,""Перейдите по URL : password.reset.com, Введите свой логин, введите полученный пароль, сбросьте пароль"",36";
101,Замените батарею для моего ноутбука Macbook,пожалуйста, запустите тест батареи и отправьте нам результаты, которые ИТ-команда сделает соответствующим образом. Пожалуйста, следуйте инструкциям, чтобы установить аккумуляторную батарею https://ticket.abc.com/kb/faq.phpB Проблема с оборудованием-Проблема с батареей,44;
"102,""Система ведет себя странно, синий экран появляется посередине"",""Нажмите кнопку F8 при запуске системы, выберите безопасный режим, если операционная система загружается, затем перезапустите операционную систему,если все та же проблема возникнет, передайте ее ИТ-команде"", 45";
103,Запрос конфигурации системы для совместного использования его пользователями,они не смогут получить доступ к другим профилям, если войдут в свою учетную запись. Пожалуйста,попросите пользователей обратиться к НЕМУ, если у них возникнут какие-либо проблемы., 46;
"104,Система показывает синий экран при запуске,""1. Удерживайте кнопку питания до тех пор, пока система не выключится, затем нажмите кнопку питания, чтобы загрузить машину. Если все еще появляется синий экран,свяжитесь с ИТ-командой и отдайте ноутбук"", 32.";
105,Приложение My Space QA не работает,мы сожалеем о вызванном неверии. Проблема связана с хост-сервером,который был перезагружен из-за сбоя питания., 48;
106,Компьютер не включается,Обратитесь в ИТ-службу поддержки.,33;
"107,Офис не работает:""Пожалуйста, проверьте , правильно ли подключены кабели питания,пожалуйста, напишите нам, если проблема все еще сохраняется"", 40.";
"108,Система зависает с синим экраном при запуске,""Нажмите кнопку F8 при запуске системы, выберите безопасный режим, если ОС загружается, затем перезагрузите ОС,если возникнет та же проблема, передайте ее ИТ-команде"", 45";
"109,""На моем экране черные границы, что мне делать?"","" Если разрешение недавно было изменено, возможно, монитор не будет автоматически подстраиваться или сдвигаться до нужного размера. В этом случае разрешение можно изменить на исходное или настроить монитор вручную. Если на мониторе имеется черная граница, ее, как правило, можно устранить, вручную отрегулировав ширину по горизонтали или вертикали. Поскольку каждый монитор отличается, метод настройки этого параметра будет отличаться";" обратитесь к документации вашего монитора."",8"
"110,""На мониторе нет дисплея, что мне теперь делать?"","" Убедитесь, что монитор включен. Если на дисплее монитора не отображается индикатор питания (зеленый или оранжевый), попробуйте нажать кнопку питания, пока она не загорится. Если монитор вашего компьютера был включен, и вы отошли от компьютера, а по возвращении он был черным, вполне вероятно, что компьютер спит. Попробуйте переместить мышь, нажать кнопки мыши и/или нажать любую клавишу (пробел) на клавиатуре, чтобы разбудить ее. Убедитесь,что монитор правильно подключен к задней панели компьютера"", 14.";
"111,Что делать, если мой жесткий диск не работает?"", Как и в случае большинства компьютерных ошибок, ваш первый шаг-выключить компьютер и перезагрузить его. Это поможет вам определить, действительно ли у вас проблема с жестким диском. Если диск серьезно поврежден, то ваш компьютер, вероятно, не сможет перезагрузиться должным образом. Если это так, то обратитесь в MCWare IT Solutions,это работа для профессионалов"", 2.";
"112,Что такое компьютерный вирус?"" Компьютерный вирус-это программное обеспечение, которое было намеренно создано для причинения вреда пользователю, распространения на другие компьютеры или уничтожения данных на компьютере отдельного человека. Чтобы предотвратить заражение компьютера вирусом, разработчики программного обеспечения разработали антивирусные программы, которые остаются активными на компьютере и помогают защитить его. Важно понимать, что многие компьютеры не поставляются предварительно загруженными с уже установленными и что,если компьютеры поставляются с этими программами, срок действия программ может истечь в течение 90 дней"", 0";
"113,Что делать, если изображение на экране искажено или наклонено?,"" Вы можете получить искаженное изображение, когда кабель ослаблен или поврежден. Отсоедините видеокабель, идущий от задней панели компьютера, и убедитесь, что контакты не погнуты, не обгорели или не сломаны. После проверки снова подключите кабель монитора. Если частота обновления установлена неправильно, монитор может иметь волнистый вид или выглядеть так, будто линии медленно или быстро проходят вниз или поперек монитора, это также может вызвать эффект мерцания. Искаженное изображение может быть вызвано магнитными или другими видами помех. Убедитесь, что рядом с монитором нет динамиков,вентиляторов или других магнитных устройств"", 31.";
"114,Что делать, когда мой компьютер выходит из строя?,"" Существует множество причин, по которым компьютер может просто перестать работать или ""зависнуть"""". В большинстве случаев мы мало что можем с этим поделать, это факт жизни, что компьютерные программы стали настолько сложными, что иногда пользователи будут испытывать проблемы даже при выполнении обычных задач. Когда ваш компьютер больше не реагирует на команды клавиатуры,вам лучше всего перезагрузить компьютер"", 21.";
115,Почему моя мышь действует беспорядочно? пользователи, у которых есть оптическая механическая мышь (наиболее распространенная мышь для настольных компьютеров), вероятно, испытывают беспорядочное поведение, потому что мышь не чистая или грязная. Если вы почистили мышь и продолжаете сталкиваться с проблемами, и эта мышь в прошлом работала нормально, к сожалению, ваша мышь, скорее всего, неисправна. Один дополнительный тест, который можно выполнить, чтобы помочь определить, так это или нет, - это подключить мышь к другому компьютеру. В противном случае мы предлагаем заменить мышь.,26;
"116,Требуется доступ к Wi-Fi.""Во-первых, подключите сетевой кабель к ноутбуку к красному порту на рабочей станции. Запустите ipconfig /all в командной строке. Поделитесь Mac-адресом Wi-Fi или аппаратным адресом с ИТ-командой. Затем ИТ-команда добавляет ваш MAC-идентификатор для включения доступа к Wi-Fi"",34";
117,установщик MS Office,Пожалуйста,войдите в веб-почту и перейдите в раздел настройки-office 365 - установка приложений-загрузка и установка MS office для вашей машины., 42;
"118,Разрешены ли пробелы в адресах электронной почты?"", "" Точно так же, как в URL-адресе Интернета, в адресе электронной почты не допускаются пробелы. Однако имена могут быть разделены с помощью точки";" например, у Джона Смита может быть адрес электронной почты: john.smith@example.com или john.s@example.com потому что в адресе электронной почты не допускается пробелов"",12."
119,Заблокированный аккаунт. Я не могу войти в систему,разблокировал учетную запись,и новый пароль отправляется на ваш электронный идентификатор., 47;
"120,Может ли вирус повредить компьютерное оборудование?"", "" Нет. Компьютерные вирусы-это программный код, предназначенный для распространения на компьютерные файлы и другие компьютеры, удаления файлов и возникновения других проблем с данными на компьютере. Поэтому, если у вас возникли проблемы с аппаратным устройством, таким как принтер, видеокарта, звуковая карта и т. Д. это не связано с вирусом"", 16";
"121,Не удается подключиться к Интернету,""Перейдите на вкладку""Сеть"" в правом нижнем углу, выберите сеть inn001, нажмите ""Подключиться"", 38";
122,Настройте Outlook в моей системе,ИТ-команда отправила инструкции по настройке Outlook-следуйте инструкциям onB https://ticket.abc.com/kb/faq.phpB и нажмите O365 и решение,а затем конфигурация Outlook для ваших машин, 39;
"123,Создайте новую учетную запись и поделитесь именем пользователя и паролем"", Перейдите по адресу : accountsetup.com, Введите личные данные вместе с идентификатором пользователя, введите полученный OTP, нажмите кнопку Готово. Проверьте электронную почту для получения подробной информации"", 35";
124,Поставляется ли Windows с программой защиты от вирусов?, Все версии Microsoft Windows не поставляются с предустановленной программой защиты от вирусов. Это включает в себя: Microsoft Windows 7 и Windows 10.,1.;
"125,FW: Проблема с входом в Myspace - Аня,""Перейдите по URL : password.reset.com, Введите свой логин, введите полученный пароль, сбросьте пароль"",36";
"126,Столкнувшись с проблемой сети / интернета с Wi-Fi xwq090,""Перейдите на вкладку""Сеть"" в правом нижнем углу, выберите сеть inn001, нажмите ""Подключиться"", 38";
"127,Как я могу почистить клавиатуру?,"" Клавиши на клавиатуре только защелкиваются, ножом или другим тонким предметом осторожно вынимайте клавиши, это позволит вам чистить под клавишами, а также чистить сами клавиши (убедитесь,что вы помните, куда они делись!)"", 20.";
"128,Как я могу восстановить файл из корзины?"", "" Дважды щелкните значок корзины на рабочем столе, здесь вы увидите все файлы в вашей корзине. Выберите файлы, которые вы хотите восстановить,щелкните правой кнопкой мыши и выберите""Восстановить""., 5";
"129,Как я могу обновить свой компьютер с помощью Microsoft Windows?,"" Если вы используете Microsoft Windows 7, Windows 10 или более позднюю версию Microsoft Windows, вы имеете право обновлять Microsoft Windows, а в некоторых случаях и ваше компьютерное оборудование последними драйверами через сайт обновлений Microsoft, посетите http://windowsupdate.microsoft.com. В большинстве случаев ваш компьютер должен быть настроен на автоматическое обновление при появлении нового обновления"",9.";
"130,Как мне удалить файлы cookie Интернета?"", ""Пользователи Microsoft Internet Explorer могут перейти в раздел ""Инструменты"" (или значок маленькой шестеренки в левом верхнем углу), затем перейти в раздел ""Безопасность"" и выбрать "" Удалить историю просмотров..."", затем вы можете удалить свои файлы cookie Интернета. В Google Chrome перейдите в раздел ""Дополнительные инструменты""и выберите"" Очистить данные браузера..."". Пользователи Firefox могут перейти в раздел ""История"", а затем выбрать "" Очистить недавнюю историю..."""", 15";
"131,Как мне определить имя моего компьютера?"", Щелкните правой кнопкой мыши Мой компьютер. Нажмите кнопку Свойства. В окне Свойства перейдите на вкладку Имя компьютера. На этой вкладке вы сможете увидеть полное имя компьютера, рабочую группу, а также описание. Если вы хотите изменить имя или рабочую группу, нажмите кнопку Изменить"",18.";
132,Как устранить замятие бумаги? Выключите принтер. Проверьте расположение или лоток, в который выбрасывается напечатанная бумага. Если видна прилипшая бумага, удалите ее вручную. Удалите все лотки для бумаги и любую бумагу, которая может застрять между лотком и принтером. Если видна прилипшая бумага, удалите ее вручную. Откройте дверцу принтера, через которую можно получить доступ к картриджам или тонеру принтера, и найдите любую застрявшую бумагу. Если видна прилипшая бумага, удалите ее вручную. Снова включите принтер.,24;
"133,Как мне войти в безопасный режим?,"" Чтобы перейти в безопасный режим Windows 7/10, при запуске компьютера нажмите и удерживайте клавишу """"F8"""", которая должна вызвать """"Меню дополнительных параметров Windows"""". Используйте клавиши со стрелками для перехода в ""Безопасный режим""и нажмите клавишу ввода"", 22.";
"134,Как мне сопоставить сетевой диск?"", Откройте Microsoft Explorer. В Проводнике выберите раскрывающееся меню ""Сервис""и выберите опцию"" Сопоставить сетевой диск"". В качестве папки укажите сетевой диск или сетевой компьютер. Если имя компьютера было hope, для сопоставления с этим компьютером введите \\hope Если вы хотите сопоставить общую папку на компьютере hope, например папку mp3, вы должны ввести \\hope\mp3. Если для подключения к этому компьютеру или диску требуется другое имя пользователя или логин,его необходимо указать в этом окне до нажатия кнопки""Готово"""", 17.";
"135,Я больше не могу подключиться к сетевому диску?"", "" Убедитесь, что сетевой кабель правильно подключен к задней панели компьютера. Кроме того, при проверке подключения сетевого кабеля убедитесь, что светодиоды в сети горят правильно. Например, сетевая карта со сплошным зеленым светодиодом или лампочкой обычно указывает на то, что карта либо подключена, либо принимает сигнал. Примечание: как правило, когда мигает зеленый индикатор, это указывает на отправку или получение данных"",28.";
"136,Я не могу удалить файл, потому что он использует Windows.,"" Закройте все программы, запущенные на компьютере, и повторите попытку. Если после закрытия всех программ, запущенных на компьютере,вы все еще сталкиваетесь с той же проблемой при попытке удалить файлы, загрузите компьютер в безопасный режим и удалите файлы"", 4.";
"137,Я не могу получить вложения электронной почты?"", "" Если в почтовом ящике полно других сообщений электронной почты и/или ваше пространство для хранения составляет всего несколько мегабайт, возможно, отправленное вложение не может быть получено. Часто, если возникает эта проблема, человек, отправляющий электронное письмо, должен получить ответ с вашего почтового сервера, указывающий, что ваш почтовый ящик заполнен и/или превысил выделенный размер. Поскольку компьютерные вирусы и другие вредоносные программы лучше всего распространяются по электронной почте, многие поставщики услуг электронной почты, компании и почтовые программы предотвращают распространение или получение определенных типов расширений файлов по электронной почте. Например, Microsoft Outlook защищает своих пользователей,автоматически отключая получение по электронной почте определенных типов расширений файлов"", 7.";
"138,Я не могу отправлять или получать электронные письма?"", "" Убедитесь, что ваш компьютер может видеть Интернет и/или другие компьютеры, чтобы убедиться, что на вашем компьютере не возникает проблем с подключением, которые могли бы вызвать проблему с вашей электронной почтой. Убедитесь,что ваш сервер электронной почты в Интернете или Сетевой сервер электронной почты не сталкиваются с проблемами, связавшись с вашим интернет-провайдером или сетевым администратором"", 29.";
"139,""Я забыл пароль, вы можете сбросить пароль для меня?"",""Перейдите по URL : password.reset.com, Введите свой логин, введите полученный пароль, сбросьте пароль"",36";
"140,""Я потерял установочный диск принтера, как я могу установить свой принтер?"", К счастью, отсутствующий установочный диск принтера или диск не является концом света и не потребует от вас ждать, пока вам не будет отправлена новая дискета или компакт-диск. Сегодня все производители принтеров и другого оборудования загружают через Интернет свои программные программы и драйверы,которые входят в комплект их продукции., 19";
"141,""Я получаю сообщение """"вход сигнала отсутствует"""","" что мне делать?"", "" Убедитесь, что монитор правильно подключен к задней панели монитора, а также к задней панели компьютера. Если монитор подключен правильно, убедитесь, что кабель не ослаблен, отсоединив все кабели, которые можно отсоединить на задней панели монитора (как правило, кабель передачи данных отсоединить невозможно). Затем отсоедините кабель для передачи данных, подключенный к задней панели компьютера, а затем снова подключите кабель. При подключении кабеля в задней части компьютера убедитесь, что кабельное соединение плотно. У большинства компьютеров также будут винтовые концы,которые можно вкрутить, чтобы удерживать разъем на месте"", 27.";
"142,""Если я отформатирую или сотру свой жесткий диск, это устранит вирус?"","" Если ваш компьютер заражен вирусом, форматирование или удаление жесткого диска и запуск сначала почти всегда удалят вирус любого типа. Однако имейте в виду, что если были сделаны резервные копии, содержащие вирус, на других носителях или дисках, подключенных к компьютеру,есть вирус, ваш компьютер подключен к другому компьютеру по сети с вирусом и/или вирус хранится на каком-либо другом типе программного обеспечения, которое вы используете на своем компьютере, он может быть повторно заражен, если не будет должным образом защищен"", 11";
"143,Установите базу данных postgres на моей машине,""Перейдите в папку \imfs\software\postgres, скопируйте базу данных postgresql в локальную и установите"",37";
144,Безопасно ли выключать компьютер с Windows, не закрывая его?, пользователи не должны просто нажимать кнопку питания или перезагружать компьютер, пока Windows все еще работает, если только с компьютером не возникла проблема. Корпорация Майкрософт включила функцию выключения, поскольку она позволяет компьютеру выполнить все необходимые действия, необходимые перед выключением компьютера. На самом деле многие версии Microsoft Windows будут проверять компьютер на наличие каких-либо проблем,если компьютер не выключен должным образом., 25;
145,Локальная сеть не работает в виртуальной машине,изменил настройки сети на мостовую и настроил сеть в виртуальной машине.,49;
146,La cuenta se bloqueГі debido a 3 intentos incorrectos de contraseГ±a. ВїPodrГ­as por favor reiniciar la contraseГ±a?,Разблокирована учетная запись,и новый пароль будет отправлен на ваш электронный идентификатор., 47;
"147,Учетные данные для входа не работают.,""Перейдите по URL : password.reset.com, Введите свой логин, введите полученный пароль, сбросьте пароль"",36";
"148,Мой интернет не работает,""Перейдите на вкладку""Сеть"" в правом нижнем углу, выберите сеть inn001, нажмите ""Подключиться"", 38";
"149,""Мой компьютер не включается, что мне теперь делать?"","" Сначала проверьте шнур питания компьютера, чтобы убедиться, что он полностью подключен к розетке. Если вы используете штекерную полоску, убедитесь, что она полностью подключена к розетке и что выключатель питания на штекерной полосе включен. Некоторые штекерные планки также имеют встроенный автоматический выключатель, который обычно выглядит как черная или красная кнопка рядом с выключателем питания. Нажмите кнопку,чтобы сбросить его, и посмотрите, решит ли это проблему"", 6.";
"150,Мой компьютер не включается?"", "" Убедитесь, что все кабели надежно подключены к задней панели устройства и монитору. Убедитесь, что кабели питания подключены к розетке питания и розетка включена. Попробуйте использовать другую розетку питания или, если вы используете удлинитель питания, подключите кабель питания непосредственно к розетке питания в стене. Замените кабель питания на тот, который, как вы знаете, работает. Проверьте, горит ли какой-либо свет на передней панели устройства: если на устройстве горит свет, но нет монитора, то, вероятно, это проблема с монитором. Если на мониторе горит свет, но не на машине, то, вероятно, это проблема с машиной. Если ни на чем нет света, то, возможно, есть локальное отключение электроэнергии. С ноутбуками попробуйте отсоединить кабель питания и аккумулятор. Удерживайте нажатой кнопку питания около десяти секунд, а затем снова подключите аккумулятор и кабель питания. Нажмите кнопку питания,чтобы увидеть, включается ли он"", 3.";
"151,Мой компьютер зависает или ведет себя странно:"" Попробуйте перезагрузить компьютер. Таким образом, многие основные проблемы могут быть решены легко и быстро. Одновременно нажмите клавиши Ctrl, Alt и Del на клавиатуре. При этом должно появиться меню, которое позволит вам запустить Диспетчер задач. В диспетчере задач перейдите на вкладку Приложения. Выделите все программы со статусом ""Не отвечает"" и выберите Завершить задачу. Вас могут попросить подтвердить, хотите ли вы завершить работу программы, не отвечающей на запросы, поэтому выберите ""Да"". Сделайте это для всех программ, которые не отвечают. Если все остальное не удается и вы не можете выключить/перезагрузить компьютер, затем удерживайте нажатой кнопку питания на устройстве до тех пор, пока оно принудительно не выключится. Подождите несколько секунд,а затем снова включите его"", 23.";
"152,Мой принтер печатает испачканные / искаженные страницы?"", "" При печати на нетрадиционной бумаге на вашем принтере могут появиться пятна, неровный или неровный текст и/или текст, который стекает с краев бумаги. Принтер может печатать нечеткий, размытый и/или другой нечеткий текст из-за грязных печатающих головок. Все современные принтеры имеют определенный тип очистки принтера, режим самопроверки и/или диагностики, который может быть выполнен для проверки и очистки печатающих головок принтеров и другого внутреннего оборудования,используемого для печати"", 30.";
"153,Срок действия пароля MySpace истек"", Пожалуйста, сбросьте пароль с помощью портала самообслуживания http://ssp.abc.com, Пожалуйста, напишите нам, если у вас возникнут какие-либо проблемы"",43";
"154,Для нового участника необходима новая учетная запись.,""Перейдите по адресу : accountsetup.com, Введите личные данные вместе с идентификатором пользователя, введите полученный OTP, нажмите кнопку Готово. Проверьте электронную почту для получения подробной информации"", 35";
"155,На мониторе ничего не отображается?,"" Убедитесь, что компьютер и монитор включены. Убедитесь, что монитор надежно подключен к компьютеру. Убедитесь, что кабель питания надежно подключен к монитору. Некоторые компьютеры имеют несколько портов отображения, поэтому убедитесь, что монитор подключен правильно. Попробуйте каждый по очереди, выключая монитор, а затем включайте его между ходами. На большинстве мониторов при его включении отображается окно состояния. Проверьте, отображается ли это окно состояния при нажатии кнопки питания на мониторе. Вы также можете попробовать это с помощью кнопки меню на мониторе, которая должна вывести на экран меню опций. Это показывает, что экран работает нормально, так что это может быть проблема с видеокабелем от монитора или самой машины. Проверьте уровни яркости и контрастности монитора с помощью кнопки меню, чтобы убедиться, что он не был установлен слишком темным. Переместите мышь и нажмите любую клавишу на клавиатуре, чтобы убедиться, что заставка не активирована или что компьютер не перешел в режим ожидания/гибернации.  "",13";
156,Замените батарею моего ноутбука Macbook, пожалуйста, запустите тест батареи Helath и отправьте нам результаты, ИТ-команда сделает все необходимое соответствующим образом. Пожалуйста, следуйте инструкциям, чтобы установить аккумуляторную батарею https://ticket.abc.com/kb/faq.phpB Проблема с оборудованием-Проблема с батареей,44;
157,Запрос на настройку системы для обмена ею между пользователями,они не смогут получить доступ к другим профилям, если войдут в систему со своей учетной записью. Пожалуйста,попросите пользователей обратиться к НЕМУ, если у них возникнут какие-либо проблемы., 46;
"158,Система, которая показывает синий экран в начале,""1. Удерживайте кнопку питания до тех пор, пока система не выключится, затем нажмите кнопку питания, чтобы загрузить машину. Если все еще появляется синий экран,свяжитесь с ИТ-командой и отдайте ноутбук"", 32.";
159,Приложение My Space QA неактивно,мы сожалеем о причиненном неудобстве. Проблема связана с хост-сервером,который был перезагружен из-за сбоя питания., 48;
160,Компьютер не включается,Обратитесь в ИТ-службу поддержки.,33;
"161,Рабочий стол не работает,""Пожалуйста , проверьте, правильно ли подключены кабели питания, пожалуйста, напишите нам, если проблема все еще сохраняется"",40.";
"162,Срок действия пароля истек.,""Перейдите по URL : password.reset.com, Введите свой логин, введите полученный пароль, сбросьте пароль"",36";
"163,""Система ведет себя странно, посередине появляется синий экран"",""Нажмите кнопку F8 при запуске системы, выберите безопасный режим, если ОС загружается, затем перезагрузите ОС,если возникнет та же проблема, передайте ее ИТ-команде"", 45";
"164,Система зависает с синим экраном при запуске,""Нажмите кнопку F8 при запуске системы, выберите безопасный режим, если ОС загружается, затем перезагрузите ОС, если возникнет та же проблема,передайте ее ИТ-команде"", 45";
"165,""Колесо моей мыши работает неправильно, что мне делать?"","" Если вы используете любую версию Microsoft Windows и сталкиваетесь с проблемами с колесом мыши, сначала попытайтесь настроить параметры мыши через окно Свойств мыши. Доступ к этому окну можно получить,открыв панель управления и дважды щелкнув значок мыши"", 10.";
"166,""На моем экране черные границы, что мне делать?"","" Если разрешение недавно было изменено, возможно, монитор не будет автоматически подстраиваться или сдвигаться до нужного размера. В этом случае разрешение можно изменить на исходное или настроить монитор вручную. Если на мониторе имеется черная граница, ее, как правило, можно устранить, вручную отрегулировав ширину по горизонтали или вертикали. Поскольку каждый монитор отличается, метод настройки этого параметра будет отличаться";" обратитесь к документации вашего монитора."",8"
"167,""На мониторе нет экрана, что мне теперь делать?"","" Убедитесь, что монитор включен. Если на дисплее монитора не отображается индикатор питания (зеленый или оранжевый), попробуйте нажать кнопку питания, пока она не загорится. Если монитор вашего компьютера был включен, и вы отошли от компьютера, а по возвращении он был черным, вполне вероятно, что компьютер спит. Попробуйте переместить мышь, нажать кнопки мыши и/или нажать любую клавишу (пробел) на клавиатуре, чтобы разбудить ее. Убедитесь,что монитор правильно подключен к задней панели компьютера"", 14.";
"168,Что мне делать, если мой жесткий диск не работает?,"" Как и в случае с большинством компьютерных ошибок, ваш первый шаг-выключить компьютер и перезагрузить его. Это поможет вам определить, действительно ли у вас проблема с жестким диском. Если диск серьезно поврежден, то ваш компьютер, вероятно, не сможет перезагрузиться должным образом. Если это так, то обратитесь в MCWare IT Solutions,это работа для профессионалов"", 2.";
"169,Что мне делать, если изображение на экране искажено или искажено?"" Вы можете получить искаженное изображение, когда кабель ослаблен или поврежден. Отсоедините видеокабель, идущий от задней панели компьютера, и убедитесь, что контакты не погнуты, не обгорели или не сломаны. После проверки снова подключите кабель монитора. Если частота обновления установлена неправильно, монитор может иметь волнистый вид или выглядеть так, будто линии медленно или быстро проходят вниз или поперек монитора, это также может вызвать эффект мерцания. Искаженное изображение может быть вызвано магнитными или другими видами помех. Убедитесь, что рядом с монитором нет динамиков,вентиляторов или других магнитных устройств"", 31.";
"170,Что мне делать, когда мой компьютер выходит из строя?,"" Существует множество причин, по которым компьютер может просто перестать работать или ""зависнуть"""". В большинстве случаев мы мало что можем с этим поделать, это факт жизни, что компьютерные программы стали настолько сложными, что иногда пользователи будут испытывать проблемы даже при выполнении обычных задач. Когда ваш компьютер больше не реагирует на команды клавиатуры,вам лучше всего перезагрузить компьютер"", 21.";
"171,Что такое компьютерный вирус?,"" Компьютерный вирус-это программное обеспечение, которое было намеренно создано, чтобы причинить горе пользователю, распространиться на другие компьютеры или уничтожить данные на компьютере человека. Чтобы предотвратить заражение компьютера вирусом, разработчики программного обеспечения разработали антивирусные программы, которые остаются активными на компьютере и помогают защитить его. Важно понимать, что многие компьютеры не поставляются предварительно загруженными с уже установленными и что,если компьютеры поставляются с этими программами, срок действия программ может истечь в течение 90 дней"", 0";
172,Почему моя мышь действует беспорядочно?, Пользователи, у которых есть оптическая механическая мышь (наиболее распространенная мышь для настольных компьютеров), вероятно, испытывают беспорядочное поведение, потому что мышь не чистая или грязная. Если вы почистили мышь и продолжаете сталкиваться с проблемами, и эта мышь в прошлом работала нормально, к сожалению, ваша мышь, скорее всего, неисправна. Один дополнительный тест, который можно выполнить, чтобы помочь определить, так это или нет, - это подключить мышь к другому компьютеру. В противном случае мы предлагаем заменить мышь.,26;
"173,требуется доступ к Wi-Fi.""Сначала подключите сетевой кабель к ноутбуку к красному порту на рабочей станции. Запустите ipconfig /all в командной строке. Поделитесь Mac-адресом Wi-Fi или аппаратным адресом с ИТ-командой. Затем ИТ-команда добавляет ваш MAC-идентификатор для включения доступа к Wi-Fi"",34";
174,Вам нужен доступ к Ethernet,пожалуйста, подключите кабель локальной сети к красному порту на вашей рабочей станции. Пожалуйста,напишите ЕМУ, если вы не можете получить IP-адреса, 41;
"175,Вам нужно разрешение на доступ к ноутбуку через Wi-Fi"". Сначала подключите сетевой кабель к ноутбуку к красному порту на рабочей станции. Запустите ipconfig /all в командной строке. Поделитесь Mac-адресом Wi-Fi или аппаратным адресом с ИТ-командой. Затем ИТ-команда добавляет ваш MAC-идентификатор для включения доступа к Wi-Fi"",34";
176,установите MS office,пожалуйста,войдите в веб-почту и перейдите в настройки-office 365 - установка приложений-загрузка и установка MS office для вашей машины., 42;
"177,для нового участника требуется новая учетная запись.,""Перейдите по ссылке : accountsetup.com, Введите личные данные вместе с идентификатором пользователя, введите полученный OTP, нажмите кнопку Готово. Проверьте электронную почту для получения подробной информации"", 35";
"178,Разрешены ли пробелы в адресах электронной почты?"", Точно так же, как в URL-адресе в Интернете, в адресе электронной почты не допускаются пробелы. Однако имена могут быть разделены с помощью точки";" например, у Джона Смита может быть адрес электронной почты: john.smith@example.com или john.s@example.com потому что в адресе электронной почты не допускается пробелов"",12."
179,Заблокированный аккаунт. Не входите в систему,разблокируйте учетную запись,и новый пароль будет отправлен на ваш идентификатор электронной почты., 47;
"180,Может ли вирус повредить компьютерное оборудование?"", Нет. Компьютерные вирусы-это программный код, предназначенный для распространения на компьютерные файлы и другие компьютеры, удаления файлов и возникновения других проблем с данными на компьютере. Поэтому, если у вас возникли проблемы с аппаратным устройством, таким как принтер, видеокарта, звуковая карта и т. Д. это не связано с вирусом"", 16";
181,Настройка Outlook в моей системе,ИТ-команда отправила инструкции по настройке outlook-следуйте инструкциям на https://ticket.abc.com/kb/faq.phpB и нажмите O365 и решение,а затем конфигурация Outlook для ваших машин, 39;
"182,Создайте новую учетную запись и поделитесь именем пользователя и паролем"", Перейдите по адресу : accountsetup.com, Введите личные данные вместе с идентификатором пользователя, введите полученный OTP, нажмите кнопку Готово. Проверьте электронную почту для получения подробной информации"", 35";
"183,FW: Проблема входа в Myspace - Ania"", Перейдите по URL : password.reset.com, Введите свой логин, введите полученный пароль, сбросьте пароль"",36";
"184,""Забытый пароль, пожалуйста, сбросьте пароль для меня"",""Перейдите по URL : password.reset.com, Введите свой логин, введите полученный пароль, сбросьте пароль"",36";
"185,Учитывая проблему с сетью / Интернетом с Wi-Fi xwq090,""Перейдите на вкладку ""Сеть"" в правом нижнем углу, выберите сеть inn001, нажмите""Подключиться"""", 38";
"186,Как я могу почистить клавиатуру?,"" Клавиши на клавиатуре только защелкиваются, ножом или другим тонким предметом осторожно вынимайте клавиши, это позволит вам чистить под клавишами, а также чистить сами клавиши (убедитесь,что вы помните, куда они делись!)"", 20.";
"187,Как я могу восстановить файл из корзины?"", "" Дважды щелкните значок корзины на рабочем столе, здесь вы увидите все файлы в своей корзине. Выберите файлы, которые вы хотите восстановить,щелкните правой кнопкой мыши и выберите""Восстановить""., 5";
"188,Как я могу обновить свой компьютер с Microsoft Windows?,"" Если вы используете Microsoft Windows 7, Windows 10 или более позднюю версию Microsoft Windows, вы имеете право обновлять Microsoft Windows, а в некоторых случаях и ваше компьютерное оборудование последними драйверами через сайт обновлений Microsoft, посетите http://windowsupdate.microsoft.com. В большинстве случаев ваш компьютер должен быть настроен на автоматическое обновление при появлении нового обновления"",9.";
"189,Как удалить интернет-файлы cookie?"", Пользователи Microsoft Internet Explorer могут перейти в раздел ""Инструменты"" (или маленький значок шестеренки в левом верхнем углу), затем перейти в раздел ""Безопасность"" и выбрать "" Удалить историю просмотров..."", затем вы можете удалить свои интернет-файлы cookie. В Google Chrome перейдите в раздел ""Дополнительные инструменты""и выберите"" Очистить данные браузера..."". Пользователи Firefox могут перейти в раздел ""История"", а затем выбрать "" Очистить недавнюю историю..."""", 15";
"190,Как мне найти имя моего компьютера?"", щелкните правой кнопкой мыши Мой компьютер. Нажмите кнопку Свойства. В окне Свойства перейдите на вкладку Имя компьютера. На этой вкладке вы сможете увидеть полное имя компьютера, рабочую группу, а также описание. Если вы хотите изменить имя или рабочую группу, нажмите кнопку Изменить"",18.";
191,Как устранить замятие бумаги?, Выключите принтер. Проверьте расположение или лоток, в который выбрасывается напечатанная бумага. Если видна прилипшая бумага, удалите ее вручную. Удалите все лотки для бумаги и любую бумагу, которая может застрять между лотком и принтером. Если видна прилипшая бумага, удалите ее вручную. Откройте дверцу принтера, через которую можно получить доступ к картриджам или тонеру принтера, и найдите любую застрявшую бумагу. Если видна прилипшая бумага, удалите ее вручную. Снова включите принтер.,24;
"192,Как мне войти в безопасный режим?,"" Чтобы перейти в безопасный режим Windows 7/10, когда компьютер запускается, нажмите и удерживайте клавишу """"F8"""", которая должна вызвать меню """"Дополнительные параметры Windows"""""". Используйте клавиши со стрелками для перехода в ""Безопасный режим""и нажмите клавишу ввода"", 22.";
"193,Как сопоставить сетевой диск?"","" Откройте Microsoft Explorer. В Проводнике выберите раскрывающееся меню ""Сервис""и выберите опцию"" Сопоставить сетевой диск"". В качестве папки укажите сетевой диск или сетевой компьютер. Если имя компьютера было hope, для сопоставления с этим компьютером введите \\hope Если вы хотите сопоставить общую папку на компьютере hope, например папку mp3, вы должны ввести \\hope\mp3. Если для подключения к этому компьютеру или диску требуется другое имя пользователя или логин,его необходимо указать в этом окне до нажатия кнопки""Готово"""", 17.";
"194,Я больше не могу подключиться к своему сетевому диску."" Убедитесь, что сетевой кабель правильно подключен к задней панели компьютера. Кроме того, при проверке подключения сетевого кабеля убедитесь, что светодиоды в сети горят правильно. Например, сетевая карта со сплошным зеленым светодиодом или лампочкой обычно указывает на то, что карта либо подключена, либо принимает сигнал. Примечание: как правило, когда мигает зеленый индикатор, это указывает на отправку или получение данных"",28.";
"195,Я не могу удалить файл, потому что он используется Windows.,"" Закройте все программы, запущенные на компьютере, и повторите попытку. Если после закрытия всех программ, запущенных на компьютере,вы все еще сталкиваетесь с той же проблемой при попытке удалить файлы, загрузите компьютер в безопасный режим и удалите файлы"", 4.";
"196,Я не могу получать вложения электронной почты.,"" Если почтовый ящик заполнен другими сообщениями электронной почты и/или объем вашего хранилища составляет всего несколько мегабайт, возможно, отправленное вложение не может быть получено. Часто, если возникает эта проблема, человек, отправляющий электронное письмо, должен получить ответ с вашего почтового сервера, указывающий, что ваш почтовый ящик заполнен и/или превысил выделенный размер. Поскольку компьютерные вирусы и другие вредоносные программы лучше всего распространяются по электронной почте, многие поставщики услуг электронной почты, компании и почтовые программы предотвращают распространение или получение определенных типов расширений файлов по электронной почте. Например, Microsoft Outlook защищает своих пользователей,автоматически отключая получение по электронной почте определенных типов расширений файлов"", 7.";
"197,Я не могу отправлять или получать электронные письма."" Убедитесь, что ваш компьютер может видеть Интернет и/или другие компьютеры, чтобы убедиться, что у вашего компьютера не возникает проблем с подключением, которые могли бы вызвать проблемы с вашей электронной почтой. Убедитесь,что ваш сервер электронной почты в Интернете или Сетевой сервер электронной почты не сталкиваются с проблемами, связавшись с вашим интернет-провайдером или сетевым администратором"", 29.";
"198,""Я получаю сообщение"" вход сигнала отсутствует"", что мне делать?"", "" Убедитесь, что монитор правильно подключен к задней панели монитора, а также к задней панели компьютера. Если монитор подключен правильно, убедитесь, что кабель не ослаблен, отсоединив все кабели, которые можно отсоединить на задней панели монитора (как правило, кабель передачи данных отсоединить невозможно). Затем отсоедините кабель для передачи данных, подключенный к задней панели компьютера, а затем снова подключите кабель. При подключении кабеля в задней части компьютера убедитесь, что кабельное соединение плотно. У большинства компьютеров также будут винтовые концы,которые можно вкрутить, чтобы удерживать разъем на месте"", 27.";
199,я потерял установочный диск принтера. Как я могу установить свой принтер? К счастью, отсутствие установочного диска или диска с принтером-это не конец света, и вам не придется ждать, пока вам не отправят новую дискету или компакт-диск. Сегодня все производители принтеров и другого оборудования загружают через Интернет свои программные программы и драйверы,которые входят в комплект их продукции., 19;
"200,""Если я отформатирую или удалю свой диск, он удалит вирус?"","" Если ваш компьютер заражен вирусом, форматирование или стирание жесткого диска и повторное запуск почти всегда удалят любой тип вирусов. Однако имейте в виду, что если были сделаны резервные копии, содержащие вирус, на других носителях или дисках, подключенных к компьютеру,есть вирус, ваш компьютер подключен к другому компьютеру по сети с вирусом и/или вирус хранится на каком-либо другом типе программного обеспечения, которое вы используете на своем компьютере, он может быть повторно заражен, если не будет должным образом защищен"", 11";
201,Установите MS Office, пожалуйста, войдите в веб-почту и перейдите в настройки-office 365-установка приложений - загрузите и установите MS office для вашего компьютера.,42;
"202,Установите базу данных Postgres на моем компьютере,""Перейдите в папку \imfs\software\postgres, скопируйте базу данных postgresql в локальную и установите"",37";
203,Оснащена ли Windows антивирусной программой?, Все версии Microsoft Windows не поставляются с предустановленной программой защиты от вирусов. Это включает в себя: Microsoft Windows 7 и Windows 10.,1.;
204,Безопасно ли выключать компьютер с Windows без выключения?, пользователи не должны просто нажимать кнопку питания или перезагружать компьютер, пока Windows все еще работает, если только с компьютером не возникла проблема. Корпорация Майкрософт включила функцию выключения, поскольку она позволяет компьютеру выполнить все необходимые действия, необходимые перед выключением компьютера. На самом деле многие версии Microsoft Windows будут проверять компьютер на наличие каких-либо проблем,если компьютер не выключен должным образом., 25;
205,Локальная сеть не работает в виртуальной машине,изменил параметры сети на мостовую и настроил сеть в виртуальной машине.,49;
"206,Учетные данные для входа не работают.,""Перейдите по URL : password.reset.com, Введите свой логин, введите полученный пароль, сбросьте пароль"",36";
207,Мое приложение для контроля качества пространства недоступно,мы сожалеем о вызванном несоответствии. Проблема связана с хост-сервером,который был перезагружен из-за сбоя питания., 48;
"208,Мой компьютер не включается?"", "" Убедитесь, что все кабели надежно подключены к задней панели устройства и монитору. Убедитесь, что кабели питания подключены к розетке питания и розетка включена. Попробуйте использовать другую розетку питания или, если вы используете удлинитель питания, подключите кабель питания непосредственно к розетке питания в стене. Замените кабель питания на тот, который, как вы знаете, работает. Проверьте, горит ли какой-либо свет на передней панели устройства: если на устройстве горит свет, но нет монитора, то, вероятно, это проблема с монитором. Если на мониторе горит свет, но не на машине, то, вероятно, это проблема с машиной. Если ни на чем нет света, то, возможно, есть локальное отключение электроэнергии. С ноутбуками попробуйте отсоединить кабель питания и аккумулятор. Удерживайте нажатой кнопку питания около десяти секунд, а затем снова подключите аккумулятор и кабель питания. Нажмите кнопку питания,чтобы увидеть, включается ли он"", 3.";
"209,Мой компьютер зависает или ведет себя странно?,"" Попробуйте перезагрузить компьютер. Таким образом, многие основные проблемы могут быть решены легко и быстро. Одновременно нажмите клавиши Ctrl, Alt и Del на клавиатуре. При этом должно появиться меню, которое позволит вам запустить Диспетчер задач. В диспетчере задач перейдите на вкладку Приложения. Выделите все программы со статусом ""Не отвечает"" и выберите Завершить задачу. Вас могут попросить подтвердить, хотите ли вы завершить работу программы, не отвечающей на запросы, поэтому выберите ""Да"". Сделайте это для всех программ, которые не отвечают. Если все остальное не удается и вы не можете выключить/перезагрузить компьютер, затем удерживайте нажатой кнопку питания на устройстве до тех пор, пока оно принудительно не выключится. Подождите несколько секунд,а затем снова включите его"", 23.";
"210,Мой компьютер не включается. Что мне теперь делать?"", "" Сначала проверьте кабель питания компьютера, чтобы убедиться, что он полностью подключен к розетке. Если вы используете штекерную полоску, убедитесь, что она полностью подключена к розетке и что выключатель питания на штекерной полосе включен. Некоторые штекерные планки также имеют встроенный автоматический выключатель, который обычно выглядит как черная или красная кнопка рядом с выключателем питания. Нажмите кнопку,чтобы сбросить его, и посмотрите, решит ли это проблему"", 6.";
"211,Мой интернет не работает,""Перейдите на вкладку""Сеть"" в правом нижнем углу, выберите сеть inn001, нажмите ""Подключиться"""", 38";
"212,Мой принтер печатает размазанные / искаженные страницы?"", "" При печати на нетрадиционной бумаге на вашем принтере могут появиться пятна, неровный или неровный текст и/или текст, который стекает с краев бумаги. Принтер может печатать нечеткий, размытый и/или другой нечеткий текст из-за грязных печатающих головок. Все современные принтеры имеют определенный тип очистки принтера, режим самопроверки и/или диагностики, который может быть выполнен для проверки и очистки печатающих головок принтеров и другого внутреннего оборудования,используемого для печати"", 30.";
"213,Истечение срока действия пароля MySpace"", Пожалуйста, сбросьте пароль с помощью портала самообслуживания http://ssp.abc.com, Пожалуйста, напишите нам, если у вас возникнут какие-либо проблемы"",43";
214,Требуется доступ к Ethernet,пожалуйста, подключите кабель локальной сети к красному порту на вашей рабочей станции. Пожалуйста,напишите ЕМУ, если вы не можете получить IP-адреса, 41;
"215,Подключение к Интернету невозможно,""Перейдите на вкладку""Сеть"" в правом нижнем углу, выберите сеть inn001, нажмите ""Подключиться"", 38";
"216,На мониторе ничего не отображается?,"" Убедитесь, что компьютер и монитор включены. Убедитесь, что монитор надежно подключен к компьютеру. Убедитесь, что кабель питания надежно подключен к монитору. Некоторые компьютеры имеют несколько портов отображения, поэтому убедитесь, что монитор подключен правильно. Попробуйте каждый по очереди, выключая монитор, а затем включайте его между ходами. На большинстве мониторов при его включении отображается окно состояния. Проверьте, отображается ли это окно состояния при нажатии кнопки питания на мониторе. Вы также можете попробовать это с помощью кнопки меню на мониторе, которая должна вывести на экран меню опций. Это показывает, что экран работает нормально, так что это может быть проблема с видеокабелем от монитора или самой машины. Проверьте уровни яркости и контрастности монитора с помощью кнопки меню, чтобы убедиться, что он не был установлен слишком темным. Переместите мышь и нажмите любую клавишу на клавиатуре, чтобы убедиться, что заставка не активирована или что компьютер не перешел в режим ожидания/гибернации.  "",13";
"217,Срок действия пароля истек.,""Перейдите по URL : password.reset.com, Введите свой логин, введите полученный пароль, сбросьте пароль"",36";
218,Замените батарею для моего ноутбука Macbook,пожалуйста, запустите тест батареи Helath и отправьте нам результаты, которые ИТ - команда сделает соответствующим образом. Пожалуйста, следуйте инструкциям, чтобы установить аккумуляторную батарею https://ticket.abc.com/kb/faq.phpB Проблема с оборудованием-Проблема с батареей,44;
219,Запросите,чтобы система была настроена для совместного использования между пользователями, они не смогут получить доступ к другим профилям, если войдут в систему со своей учетной записью. Пожалуйста,попросите пользователей обратиться к НЕМУ, если у них возникнут какие-либо проблемы., 46;
"220,Требуется разрешение доступа Wi-Fi к ноутбуку:""Сначала подключите сетевой кабель к ноутбуку к красному порту на рабочей станции. Запустите ipconfig /all в командной строке. Поделитесь Mac-адресом Wi-Fi или аппаратным адресом с ИТ-командой. Затем ИТ-команда добавляет ваш MAC-идентификатор для включения доступа к Wi-Fi"",34";
"221,""Система ведет себя странно, посередине появляется синий экран"",""Нажмите кнопку F8 при запуске системы, выберите безопасный режим, если ОС загружается, затем перезагрузите ОС,если возникнет та же проблема, передайте ее ИТ-команде"", 45";
"222,Система показывает синий экран при запуске""1. Удерживайте кнопку питания до тех пор, пока система не выключится, затем нажмите кнопку питания, чтобы загрузить машину. Если все еще появляется синий экран,свяжитесь с ИТ-командой и отдайте ноутбук"", 32.";
223,Учетная запись была заблокирована из-за 3 неправильных попыток ввода пароля. Не могли бы вы, пожалуйста, сбросить пароль?,Разблокирована учетная запись,и новый пароль будет отправлен на ваш электронный идентификатор., 47;
224,Компьютер не включается,Обратитесь в ИТ-службу поддержки.,33;
"225,Рабочий стол не работает,""Пожалуйста , проверьте, правильно ли подключены кабели питания, пожалуйста, напишите нам, если проблема все еще сохраняется"",40.";
"226,Система зависает при запуске с синим экраном,""Нажмите кнопку F8 при запуске системы, выберите безопасный режим, если ОС загружается, затем перезагрузите ОС,если возникнет та же проблема, передайте ее ИТ-команде"", 45";
"227,""Колесо на моей мыши работает неправильно, что я делаю?"","" Если вы используете любую версию Microsoft Windows и сталкиваетесь с проблемами с колесом мыши, сначала попытайтесь настроить параметры мыши через окно Свойств мыши. Доступ к этому окну можно получить,открыв панель управления и дважды щелкнув значок мыши"", 10.";
"228,""На моем экране черные границы, что я делаю?"","" Если разрешение недавно было изменено, возможно, монитор не будет автоматически подстраиваться или сдвигаться до нужного размера. В этом случае разрешение можно изменить на исходное или настроить монитор вручную. Если на мониторе имеется черная граница, ее, как правило, можно устранить, вручную отрегулировав ширину по горизонтали или вертикали. Поскольку каждый монитор отличается, метод настройки этого параметра будет отличаться";" обратитесь к документации вашего монитора."",8"
"229,""На мониторе нет дисплея, что я сейчас делаю?"","" Убедитесь, что монитор включен. Если на дисплее монитора не отображается индикатор питания (зеленый или оранжевый), попробуйте нажать кнопку питания, пока она не загорится. Если монитор вашего компьютера был включен, и вы отошли от компьютера, а по возвращении он был черным, вполне вероятно, что компьютер спит. Попробуйте переместить мышь, нажать кнопки мыши и/или нажать любую клавишу (пробел) на клавиатуре, чтобы разбудить ее. Убедитесь,что монитор правильно подключен к задней панели компьютера"", 14.";
"230,Что мне делать, если мой компьютер выйдет из строя?,"" Существует множество причин, по которым компьютер может просто перестать работать или """"зависнуть"""". В большинстве случаев мы мало что можем с этим поделать, это факт жизни, что компьютерные программы стали настолько сложными, что иногда пользователи будут испытывать проблемы даже при выполнении обычных задач. Когда ваш компьютер больше не реагирует на команды клавиатуры,вам лучше всего перезагрузить компьютер"", 21.";
"231,Что мне делать, если мой жесткий диск не работает?"", Как и в случае большинства компьютерных ошибок, ваш первый шаг-выключить компьютер и перезагрузить его. Это поможет вам определить, действительно ли у вас проблема с жестким диском. Если диск серьезно поврежден, то ваш компьютер, вероятно, не сможет перезагрузиться должным образом. Если это так, то обратитесь в MCWare IT Solutions,это работа для профессионалов"", 2.";
"232,Что мне делать, если изображение на экране искажено или искажено?"" Вы можете получить искаженное изображение, когда кабель ослаблен или поврежден. Отсоедините видеокабель, идущий от задней панели компьютера, и убедитесь, что контакты не погнуты, не обгорели или не сломаны. После проверки снова подключите кабель монитора. Если частота обновления установлена неправильно, монитор может иметь волнистый вид или выглядеть так, будто линии медленно или быстро проходят вниз или поперек монитора, это также может вызвать эффект мерцания. Искаженное изображение может быть вызвано магнитными или другими видами помех. Убедитесь, что рядом с монитором нет динамиков,вентиляторов или других магнитных устройств"", 31.";
"233,Что такое компьютерный вирус?,"" Компьютерный вирус-это программное обеспечение, которое было намеренно создано, чтобы причинить горе пользователю, распространиться на другие компьютеры или уничтожить данные на компьютере человека. Чтобы предотвратить заражение компьютера вирусом, разработчики программного обеспечения разработали антивирусные программы, которые остаются активными на компьютере и помогают защитить его. Важно понимать, что многие компьютеры не поставляются предварительно загруженными с уже установленными и что,если компьютеры поставляются с этими программами, срок действия программ может истечь в течение 90 дней"", 0";
234,Почему моя мышь ведет себя непредсказуемо? Пользователи, у которых есть оптическая механическая мышь (наиболее распространенная мышь для настольных компьютеров), вероятно, испытывают неустойчивое поведение, потому что мышь не чистая или грязная. Если вы почистили мышь и продолжаете сталкиваться с проблемами, и эта мышь в прошлом работала нормально, к сожалению, ваша мышь, скорее всего, неисправна. Один дополнительный тест, который можно выполнить, чтобы помочь определить, так это или нет, - это подключить мышь к другому компьютеру. В противном случае мы предлагаем заменить мышь.,26;
"235,Требуется доступ к Wi-Fi.,""Во-первых, подключите сетевой кабель к ноутбуку к красному порту на рабочей станции. Запустите ipconfig /all в командной строке. Поделитесь Mac-адресом Wi-Fi или аппаратным адресом с ИТ-командой. Затем ИТ-команда добавляет ваш MAC-идентификатор для включения доступа к Wi-Fi"",34";
